DATE,TIME,ROAD_CLASS,DISTRICT,LATITUDE,LONGITUDE,ACCLOC,TRAFFCTL,VISIBILITY,LIGHT,RDSFCOND,ACCLASS,IMPACTYPE,INVTYPE,INVAGE,INITDIR,VEHTYPE,MANOEUVER,DRIVACT,DRIVCOND,PEDCOND,CYCACT,PEDESTRIAN,CYCLIST,AUTOMOBILE,MOTORCYCLE,TRUCK,TRSN_CITY_VEH,PASSENGER,SPEEDING,AG_DRIV,REDLIGHT,ALCOHOL,DISABILITY,HOOD_158,HOOD_140,DIVISION
6/13/2008 8:00:00 AM,1235,Major Arterial,Etobicoke York,43.601645,-79.54519,At Intersection,Traffic Signal,Clear,Daylight,Dry,Non-Fatal Injury,Angle,Passenger,35 to 39,,Other,,,,,,,,Yes,,,,Yes,,Yes,Yes,,,20,20,D22
6/13/2008 8:00:00 AM,1235,Major Arterial,Etobicoke York,43.601645,-79.54519,At Intersection,Traffic Signal,Clear,Daylight,Dry,Non-Fatal Injury,Angle,Driver,40 to 44,East,"Automobile, Station Wagon",Going Ahead,Driving Properly,Normal,,,,,Yes,,,,Yes,,Yes,Yes,,,20,20,D22
6/13/2008 8:00:00 AM,2321,Major Arterial,North York,43.769145,-79.34659,,No Control,Rain,Dark,Wet,Non-Fatal Injury,Pedestrian Collisions,Pedestrian,25 to 29,,Other,,,,"Ability Impaired, Drugs",,Yes,,Yes,,,,,,,,,,53,53,D33
6/14/2008 8:00:00 AM,1813,Major Arterial,North York,43.728745,-79.43199,At Intersection,No Control,Clear,Daylight,Dry,Non-Fatal Injury,Pedestrian Collisions,Vehicle Owner,unknown,,Other,,,,,,Yes,,Yes,,,Yes,,,,,,,32,32,D32
6/14/2008 8:00:00 AM,1813,Major Arterial,North York,43.728745,-79.43199,At Intersection,No Control,Clear,Daylight,Dry,Non-Fatal Injury,Pedestrian Collisions,Driver,25 to 29,South,Municipal Transit Bus (TTC),Going Ahead,Driving Properly,Normal,,,Yes,,Yes,,,Yes,,,,,,,32,32,D32
6/14/2008 8:00:00 AM,1813,Major Arterial,North York,43.728745,-79.43199,At Intersection,No Control,Clear,Daylight,Dry,Non-Fatal Injury,Pedestrian Collisions,Pedestrian,55 to 59,South,Other,,,,Normal,,Yes,,Yes,,,Yes,,,,,,,32,32,D32
6/16/2008 8:00:00 AM,1355,Major Arterial,North York,43.738845,-79.43439,,No Control,Clear,Daylight,Dry,Non-Fatal Injury,Pedestrian Collisions,Vehicle Owner,unknown,,Other,,,,,,Yes,,Yes,,,,,,,,,,33,33,D32
6/16/2008 8:00:00 AM,1355,Major Arterial,North York,43.738845,-79.43439,,No Control,Clear,Daylight,Dry,Non-Fatal Injury,Pedestrian Collisions,Pedestrian,35 to 39,East,Other,,,,Inattentive,,Yes,,Yes,,,,,,,,,,33,33,D32
6/16/2008 8:00:00 AM,1355,Major Arterial,North York,43.738845,-79.43439,,No Control,Clear,Daylight,Dry,Non-Fatal Injury,Pedestrian Collisions,Pedestrian,0 to 4,East,Other,,,,Inattentive,,Yes,,Yes,,,,,,,,,,33,33,D32
6/1/2008 8:00:00 AM,1031,Major Arterial,Scarborough,43.740245,-79.23209,At Intersection,Traffic Signal,Clear,Daylight,Dry,Non-Fatal Injury,Pedestrian Collisions,Passenger,20 to 24,,Other,,,,,,Yes,,Yes,,,,Yes,Yes,Yes,Yes,,,138,138,D43
6/1/2008 8:00:00 AM,1031,Major Arterial,Scarborough,43.740245,-79.23209,At Intersection,Traffic Signal,Clear,Daylight,Dry,Non-Fatal Injury,Pedestrian Collisions,Driver,60 to 64,West,"Automobile, Station Wagon",Going Ahead,Disobeyed Traffic Control,Unknown,,,Yes,,Yes,,,,Yes,Yes,Yes,Yes,,,138,138,D43
6/1/2008 8:00:00 AM,1031,Major Arterial,Scarborough,43.740245,-79.23209,At Intersection,Traffic Signal,Clear,Daylight,Dry,Non-Fatal Injury,Pedestrian Collisions,Pedestrian,35 to 39,South,Other,,,,Normal,,Yes,,Yes,,,,Yes,Yes,Yes,Yes,,,138,138,D43
6/1/2008 8:00:00 AM,1031,Major Arterial,Scarborough,43.740245,-79.23209,At Intersection,Traffic Signal,Clear,Daylight,Dry,Non-Fatal Injury,Pedestrian Collisions,Pedestrian,25 to 29,South,Other,,,,Normal,,Yes,,Yes,,,,Yes,Yes,Yes,Yes,,,138,138,D43
6/20/2008 8:00:00 AM,1500,Minor Arterial,Scarborough,43.777745,-79.26099,,Traffic Signal,Clear,Daylight,Dry,Non-Fatal Injury,SMV Other,Vehicle Owner,unknown,,Other,,,,,,,,Yes,,,,,,,,,Yes,156,127,D43
6/1/2008 8:00:00 AM,1150,Major Arterial,Toronto and East York,43.682045,-79.32979,,Traffic Signal,Clear,Daylight,Dry,Non-Fatal Injury,Pedestrian Collisions,Pedestrian,50 to 54,North,Other,,,,Normal,,Yes,,,,,,,,Yes,,,,65,65,D55
6/15/2008 8:00:00 AM,215,Minor Arterial,Toronto and East York,43.653645,-79.45139,,No Control,Clear,Dark,Dry,Non-Fatal Injury,Cyclist Collisions,Cyclist,35 to 39,West,Bicycle,Going Ahead,,,,Driving Properly,,Yes,Yes,,,,,,,,,,86,86,D11
6/2/2008 8:00:00 AM,1146,Local,Etobicoke York,43.680445,-79.48349,,No Control,Clear,Daylight,Dry,Non-Fatal Injury,SMV Other,Vehicle Owner,unknown,,Other,,,,,,,,Yes,,,,,,,,,,111,111,D12
6/17/2008 8:00:00 AM,1614,Minor Arterial,Toronto and East York,43.670745,-79.43319,At Intersection,Stop Sign,Clear,Daylight,Dry,Non-Fatal Injury,Angle,Passenger,50 to 54,,"Automobile, Station Wagon",,,,,,,,Yes,,,,Yes,,Yes,,,,171,93,D13
6/17/2008 8:00:00 AM,1614,Minor Arterial,Toronto and East York,43.670745,-79.43319,At Intersection,Stop Sign,Clear,Daylight,Dry,Non-Fatal Injury,Angle,Driver,50 to 54,South,"Automobile, Station Wagon",Going Ahead,Driving Properly,Normal,,,,,Yes,,,,Yes,,Yes,,,,171,93,D13
6/2/2008 8:00:00 AM,1455,Major Arterial,North York,43.785045,-79.39209,At Intersection,Traffic Signal,Clear,Daylight,Dry,Non-Fatal Injury,Sideswipe,Vehicle Owner,unknown,,Other,,,,,,,,Yes,,,,Yes,,,,,,49,49,D33
6/2/2008 8:00:00 AM,1455,Major Arterial,North York,43.785045,-79.39209,At Intersection,Traffic Signal,Clear,Daylight,Dry,Non-Fatal Injury,Sideswipe,Driver,60 to 64,East,"Automobile, Station Wagon",Pulling Onto Shoulder or towardCurb,Lost control,Unknown,,,,,Yes,,,,Yes,,,,,,49,49,D33
6/2/2008 8:00:00 AM,1455,Major Arterial,North York,43.785045,-79.39209,At Intersection,Traffic Signal,Clear,Daylight,Dry,Non-Fatal Injury,Sideswipe,Passenger,35 to 39,,Other,,,,,,,,Yes,,,,Yes,,,,,,49,49,D33
6/2/2008 8:00:00 AM,1455,Major Arterial,North York,43.785045,-79.39209,At Intersection,Traffic Signal,Clear,Daylight,Dry,Non-Fatal Injury,Sideswipe,Driver,45 to 49,North,"Automobile, Station Wagon",Going Ahead,Driving Properly,Normal,,,,,Yes,,,,Yes,,,,,,49,49,D33
6/2/2008 8:00:00 AM,1455,Major Arterial,North York,43.785045,-79.39209,At Intersection,Traffic Signal,Clear,Daylight,Dry,Non-Fatal Injury,Sideswipe,Driver,45 to 49,South,"Automobile, Station Wagon",Going Ahead,Driving Properly,Normal,,,,,Yes,,,,Yes,,,,,,49,49,D33
6/2/2008 8:00:00 AM,1455,Major Arterial,North York,43.785045,-79.39209,At Intersection,Traffic Signal,Clear,Daylight,Dry,Non-Fatal Injury,Sideswipe,Other Property Owner,unknown,,Other,,,,,,,,Yes,,,,Yes,,,,,,49,49,D33
6/3/2008 8:00:00 AM,1517,Collector,North York,43.793245,-79.42739,,No Control,Clear,Daylight,Dry,Non-Fatal Injury,Pedestrian Collisions,Pedestrian,15 to 19,West,Other,,,,Inattentive,,Yes,,Yes,,,,,,,,,,36,36,D32
6/4/2008 8:00:00 AM,1355,Major Arterial,Etobicoke York,43.749945,-79.55229,At Intersection,Traffic Signal,Clear,Daylight,Dry,Non-Fatal Injury,Angle,Vehicle Owner,unknown,,Other,,,,,,,,Yes,,,,,,Yes,Yes,,,22,21,D31
6/4/2008 8:00:00 AM,1355,Major Arterial,Etobicoke York,43.749945,-79.55229,At Intersection,Traffic Signal,Clear,Daylight,Dry,Non-Fatal Injury,Angle,Driver,25 to 29,West,"Automobile, Station Wagon",Going Ahead,Disobeyed Traffic Control,Normal,,,,,Yes,,,,,,Yes,Yes,,,22,21,D31
6/4/2008 8:00:00 AM,1355,Major Arterial,Etobicoke York,43.749945,-79.55229,At Intersection,Traffic Signal,Clear,Daylight,Dry,Non-Fatal Injury,Angle,Driver,60 to 64,North,"Automobile, Station Wagon",Going Ahead,Driving Properly,Normal,,,,,Yes,,,,,,Yes,Yes,,,22,21,D31
6/25/2008 8:00:00 AM,2040,Local,Etobicoke York,43.728245,-79.51259,,No Control,Clear,Daylight,Dry,Non-Fatal Injury,Cyclist Collisions,Passenger,35 to 39,,Other,,,,,,,Yes,Yes,,,,Yes,,,,,,154,26,D31
6/25/2008 8:00:00 AM,2040,Local,Etobicoke York,43.728245,-79.51259,,No Control,Clear,Daylight,Dry,Non-Fatal Injury,Cyclist Collisions,Cyclist,5 to 9,South,Bicycle,Going Ahead,,,,Other,,Yes,Yes,,,,Yes,,,,,,154,26,D31
6/26/2008 8:00:00 AM,815,Major Arterial,Toronto and East York,43.710645,-79.29679,At Intersection,No Control,Clear,Daylight,Dry,Non-Fatal Injury,Pedestrian Collisions,Pedestrian,20 to 24,,Other,Unknown,,,Normal,,Yes,,Yes,,,,,,Yes,,,,54,54,D55
6/26/2008 8:00:00 AM,815,Major Arterial,Toronto and East York,43.710645,-79.29679,At Intersection,No Control,Clear,Daylight,Dry,Non-Fatal Injury,Pedestrian Collisions,Pedestrian,85 to 89,,Other,Unknown,,,Normal,,Yes,,Yes,,,,,,Yes,,,,54,54,D55
5/20/2008 8:00:00 AM,1840,Major Arterial,Toronto and East York,43.682745,-79.42019,At Intersection,Traffic Signal,Clear,Daylight,Dry,Non-Fatal Injury,Rear End,Driver,40 to 44,East,"Automobile, Station Wagon",Stopped,Driving Properly,Normal,,,,,Yes,,,,,,Yes,,,,94,94,D13
5/20/2008 8:00:00 AM,1840,Major Arterial,Toronto and East York,43.682745,-79.42019,At Intersection,Traffic Signal,Clear,Daylight,Dry,Non-Fatal Injury,Rear End,Vehicle Owner,unknown,,Other,,,,,,,,Yes,,,,,,Yes,,,,94,94,D13
5/20/2008 8:00:00 AM,1840,Major Arterial,Toronto and East York,43.682745,-79.42019,At Intersection,Traffic Signal,Clear,Daylight,Dry,Non-Fatal Injury,Rear End,Driver,40 to 44,East,"Automobile, Station Wagon",Going Ahead,Following too Close,Inattentive,,,,,Yes,,,,,,Yes,,,,94,94,D13
6/30/2008 8:00:00 AM,120,,Etobicoke York,43.621145,-79.50979,,No Control,Clear,Dark,Dry,Non-Fatal Injury,SMV Other,Passenger,20 to 24,,Other,,,,,,,,Yes,,,,Yes,,,,Yes,,160,16,D22
6/30/2008 8:00:00 AM,120,,Etobicoke York,43.621145,-79.50979,,No Control,Clear,Dark,Dry,Non-Fatal Injury,SMV Other,Passenger,25 to 29,,Other,,,,,,,,Yes,,,,Yes,,,,Yes,,160,16,D22
6/5/2008 8:00:00 AM,1220,Major Arterial,Etobicoke York,43.718045,-79.53779,At Intersection,No Control,Clear,Daylight,Dry,Non-Fatal Injury,Sideswipe,Vehicle Owner,unknown,,Other,,,,,,,,Yes,Yes,,,,,,,,,23,23,D31
6/5/2008 8:00:00 AM,1220,Major Arterial,Etobicoke York,43.718045,-79.53779,At Intersection,No Control,Clear,Daylight,Dry,Non-Fatal Injury,Sideswipe,Driver,60 to 64,South,"Automobile, Station Wagon",Going Ahead,Driving Properly,Normal,,,,,Yes,Yes,,,,,,,,,23,23,D31
6/30/2008 8:00:00 AM,1733,Major Arterial,North York,43.747045,-79.38899,At Intersection,Traffic Signal,Clear,Daylight,Dry,Non-Fatal Injury,Pedestrian Collisions,Vehicle Owner,unknown,,Other,,,,,,Yes,,Yes,,,,,,Yes,Yes,,,40,40,D32
6/30/2008 8:00:00 AM,1733,Major Arterial,North York,43.747045,-79.38899,At Intersection,Traffic Signal,Clear,Daylight,Dry,Non-Fatal Injury,Pedestrian Collisions,Pedestrian,5 to 9,,Other,,,,Normal,,Yes,,Yes,,,,,,Yes,Yes,,,40,40,D32
6/30/2008 8:00:00 AM,1733,Major Arterial,North York,43.747045,-79.38899,At Intersection,Traffic Signal,Clear,Daylight,Dry,Non-Fatal Injury,Pedestrian Collisions,Pedestrian,5 to 9,,Other,Unknown,,,Normal,,Yes,,Yes,,,,,,Yes,Yes,,,40,40,D32
6/30/2008 8:00:00 AM,1733,Major Arterial,North York,43.747045,-79.38899,At Intersection,Traffic Signal,Clear,Daylight,Dry,Non-Fatal Injury,Pedestrian Collisions,Pedestrian,25 to 29,,Other,,,,Normal,,Yes,,Yes,,,,,,Yes,Yes,,,40,40,D32
6/30/2008 8:00:00 AM,1733,Major Arterial,North York,43.747045,-79.38899,At Intersection,Traffic Signal,Clear,Daylight,Dry,Non-Fatal Injury,Pedestrian Collisions,Pedestrian,15 to 19,,Other,Unknown,,,Normal,,Yes,,Yes,,,,,,Yes,Yes,,,40,40,D32
5/25/2008 8:00:00 AM,1215,Major Arterial,Etobicoke York,43.618545,-79.48669,,No Control,Clear,Daylight,Dry,Non-Fatal Injury,Cyclist Collisions,Cyclist,25 to 29,North,Bicycle,Going Ahead,,,,Driving Properly,,Yes,Yes,,,,,,Yes,,,,160,17,D22
5/26/2008 8:00:00 AM,1410,Major Arterial,Toronto and East York,43.648345,-79.38179,At Intersection,No Control,Clear,Daylight,Dry,Non-Fatal Injury,Cyclist Collisions,Passenger,40 to 44,,Other,,,,,,,Yes,Yes,,,,Yes,,,,,,170,76,D52
5/26/2008 8:00:00 AM,1410,Major Arterial,Toronto and East York,43.648345,-79.38179,At Intersection,No Control,Clear,Daylight,Dry,Non-Fatal Injury,Cyclist Collisions,Vehicle Owner,unknown,,Other,,,,,,,Yes,Yes,,,,Yes,,,,,,170,76,D52
5/26/2008 8:00:00 AM,1410,Major Arterial,Toronto and East York,43.648345,-79.38179,At Intersection,No Control,Clear,Daylight,Dry,Non-Fatal Injury,Cyclist Collisions,Cyclist,20 to 24,,Bicycle,Unknown,,,,Driving Properly,,Yes,Yes,,,,Yes,,,,,,170,76,D52
6/11/2008 8:00:00 AM,550,Major Arterial,Toronto and East York,43.655745,-79.38379,At Intersection,Traffic Signal,Clear,Daylight,Dry,Non-Fatal Injury,Other,Passenger,55 to 59,,Other,,,,,,,,,,,Yes,Yes,,,,,,170,76,D52
6/11/2008 8:00:00 AM,550,Major Arterial,Toronto and East York,43.655745,-79.38379,At Intersection,Traffic Signal,Clear,Daylight,Dry,Non-Fatal Injury,Other,Passenger,35 to 39,,Other,,,,,,,,,,,Yes,Yes,,,,,,170,76,D52
6/11/2008 8:00:00 AM,550,Major Arterial,Toronto and East York,43.655745,-79.38379,At Intersection,Traffic Signal,Clear,Daylight,Dry,Non-Fatal Injury,Other,Passenger,30 to 34,,Other,,,,,,,,,,,Yes,Yes,,,,,,170,76,D52
6/11/2008 8:00:00 AM,550,Major Arterial,Toronto and East York,43.655745,-79.38379,At Intersection,Traffic Signal,Clear,Daylight,Dry,Non-Fatal Injury,Other,Passenger,40 to 44,,Other,,,,,,,,,,,Yes,Yes,,,,,,170,76,D52
6/11/2008 8:00:00 AM,550,Major Arterial,Toronto and East York,43.655745,-79.38379,At Intersection,Traffic Signal,Clear,Daylight,Dry,Non-Fatal Injury,Other,Passenger,60 to 64,,Other,,,,,,,,,,,Yes,Yes,,,,,,170,76,D52
6/11/2008 8:00:00 AM,550,Major Arterial,Toronto and East York,43.655745,-79.38379,At Intersection,Traffic Signal,Clear,Daylight,Dry,Non-Fatal Injury,Other,Vehicle Owner,unknown,,Other,,,,,,,,,,,Yes,Yes,,,,,,170,76,D52
6/11/2008 8:00:00 AM,550,Major Arterial,Toronto and East York,43.655745,-79.38379,At Intersection,Traffic Signal,Clear,Daylight,Dry,Non-Fatal Injury,Other,Driver,60 to 64,East,Municipal Transit Bus (TTC),Going Ahead,Other,Inattentive,,,,,,,,Yes,Yes,,,,,,170,76,D52
6/24/2008 8:00:00 AM,1838,Major Arterial,Toronto and East York,43.653346,-79.341487,,No Control,Clear,Daylight,Dry,Non-Fatal Injury,Sideswipe,Driver,50 to 54,West,"Automobile, Station Wagon",Changing Lanes,Improper Lane Change,Normal,,,,,Yes,Yes,,,,Yes,Yes,,,,70,70,D55
7/4/2008 8:00:00 AM,1750,Major Arterial,Etobicoke York,43.691845,-79.46579,,No Control,Clear,Daylight,Dry,Non-Fatal Injury,Pedestrian Collisions,Pedestrian,25 to 29,,Other,,,,Normal,,Yes,,Yes,,,,,,,,,,110,110,D12
6/12/2008 8:00:00 AM,945,Major Arterial,Toronto and East York,43.668745,-79.39409,At Intersection,Traffic Signal,Clear,Daylight,Dry,Non-Fatal Injury,Cyclist Collisions,Cyclist,20 to 24,East,Bicycle,Changing Lanes,,,,Disobeyed Traffic Control,,Yes,Yes,,,,,,,,,,95,95,D53
6/12/2008 8:00:00 AM,902,Major Arterial,Toronto and East York,43.685345,-79.40789,At Intersection,Police Control,Clear,Daylight,Dry,Non-Fatal Injury,Pedestrian Collisions,Pedestrian,35 to 39,Unknown,Other,,,,Normal,,Yes,,Yes,,,,,,Yes,,,,96,96,D53
6/14/2008 8:00:00 AM,1340,Major Arterial,Toronto and East York,43.655045,-79.43349,,No Control,Clear,Daylight,Dry,Non-Fatal Injury,Cyclist Collisions,Cyclist,15 to 19,South,Bicycle,Going Ahead,,,,Driving Properly,,Yes,Yes,,,,,,Yes,,,,83,83,D14
6/15/2008 8:00:00 AM,1840,Major Arterial,Etobicoke York,43.711745,-79.56669,At Intersection,Traffic Signal,Rain,Dark,Wet,Non-Fatal Injury,SMV Other,Driver,45 to 49,West,"Automobile, Station Wagon",Turning Left,Failed to Yield Right of Way,Normal,,,,,Yes,,,,,,Yes,,,,4,4,D23
6/15/2008 8:00:00 AM,1840,Major Arterial,Etobicoke York,43.711745,-79.56669,At Intersection,Traffic Signal,Rain,Dark,Wet,Non-Fatal Injury,SMV Other,Other Property Owner,unknown,,Other,,,,,,,,Yes,,,,,,Yes,,,,4,4,D23
5/28/2008 8:00:00 AM,2310,Major Arterial,North York,43.715945,-79.44499,At Intersection,Traffic Signal,Clear,Dark,Dry,Non-Fatal Injury,Turning Movement,Vehicle Owner,unknown,,Other,,,,,,,,Yes,,,,,,Yes,,,,31,31,D32
5/28/2008 8:00:00 AM,2310,Major Arterial,North York,43.715945,-79.44499,At Intersection,Traffic Signal,Clear,Dark,Dry,Non-Fatal Injury,Turning Movement,Driver,35 to 39,East,"Automobile, Station Wagon",Going Ahead,Driving Properly,Normal,,,,,Yes,,,,,,Yes,,,,31,31,D32
6/17/2008 8:00:00 AM,1540,Major Arterial,Etobicoke York,43.630845,-79.48189,At Intersection,No Control,Clear,Daylight,Dry,Non-Fatal Injury,Pedestrian Collisions,Vehicle Owner,unknown,,Other,,,,,,Yes,,Yes,,,,,,,,,,16,16,D22
6/17/2008 8:00:00 AM,1540,Major Arterial,Etobicoke York,43.630845,-79.48189,At Intersection,No Control,Clear,Daylight,Dry,Non-Fatal Injury,Pedestrian Collisions,Pedestrian,75 to 79,South,Other,,,,Normal,,Yes,,Yes,,,,,,,,,,16,16,D22
7/10/2008 8:00:00 AM,1348,,Toronto and East York,43.669145,-79.35709,,No Control,Clear,Daylight,Dry,Non-Fatal Injury,Pedestrian Collisions,Vehicle Owner,unknown,,Other,,,,,,Yes,,Yes,,,,,,,,,,68,68,D55
7/10/2008 8:00:00 AM,1348,,Toronto and East York,43.669145,-79.35709,,No Control,Clear,Daylight,Dry,Non-Fatal Injury,Pedestrian Collisions,Pedestrian,40 to 44,West,Other,,,,"Ability Impaired, Drugs",,Yes,,Yes,,,,,,,,,,68,68,D55
6/13/2008 8:00:00 AM,1400,Major Arterial,Toronto and East York,43.655145,-79.41899,,No Control,Clear,Daylight,Dry,Non-Fatal Injury,Cyclist Collisions,Vehicle Owner,unknown,,Other,,,,,,,Yes,Yes,,,,,,,,,,81,81,D14
6/13/2008 8:00:00 AM,1400,Major Arterial,Toronto and East York,43.655145,-79.41899,,No Control,Clear,Daylight,Dry,Non-Fatal Injury,Cyclist Collisions,Cyclist,50 to 54,West,Bicycle,Going Ahead,,,,Driving Properly,,Yes,Yes,,,,,,,,,,81,81,D14
6/22/2008 8:00:00 AM,1805,Major Arterial,Etobicoke York,43.717045,-79.53729,At Intersection,Traffic Signal,Clear,Daylight,Dry,Non-Fatal Injury,Cyclist Collisions,Vehicle Owner,unknown,,Other,,,,,,,Yes,Yes,,,,,,,,,,23,23,D31
6/22/2008 8:00:00 AM,1805,Major Arterial,Etobicoke York,43.717045,-79.53729,At Intersection,Traffic Signal,Clear,Daylight,Dry,Non-Fatal Injury,Cyclist Collisions,Cyclist,35 to 39,East,Bicycle,Going Ahead,,,,Failed to Yield Right of Way,,Yes,Yes,,,,,,,,,,23,23,D31
6/23/2008 8:00:00 AM,950,Major Arterial,Toronto and East York,43.663045,-79.40209,At Intersection,Traffic Signal,Clear,Daylight,Dry,Non-Fatal Injury,Pedestrian Collisions,Pedestrian,20 to 24,East,Other,,,,Inattentive,,Yes,,,,,Yes,,,,,,,79,79,D52
6/23/2008 8:00:00 AM,950,Major Arterial,Toronto and East York,43.663045,-79.40209,At Intersection,Traffic Signal,Clear,Daylight,Dry,Non-Fatal Injury,Pedestrian Collisions,Vehicle Owner,unknown,,Other,,,,,,Yes,,,,,Yes,,,,,,,79,79,D52
7/16/2008 8:00:00 AM,1655,Major Arterial,North York,43.776945,-79.41489,At Intersection,Traffic Signal,Clear,Daylight,Dry,Non-Fatal Injury,Rear End,Driver,55 to 59,North,"Automobile, Station Wagon",Stopped,Driving Properly,Normal,,,,,Yes,,,,,,Yes,Yes,,Yes,37,37,D32
6/25/2008 8:00:00 AM,730,Major Arterial,Scarborough,43.770645,-79.18689,At Intersection,Traffic Signal,Clear,Daylight,Dry,Non-Fatal Injury,Pedestrian Collisions,Vehicle Owner,unknown,,Other,,,,,,Yes,,Yes,,,,,,,,,,136,136,D43
6/25/2008 8:00:00 AM,730,Major Arterial,Scarborough,43.770645,-79.18689,At Intersection,Traffic Signal,Clear,Daylight,Dry,Non-Fatal Injury,Pedestrian Collisions,Pedestrian,50 to 54,,Other,Unknown,,,Normal,,Yes,,Yes,,,,,,,,,,136,136,D43
6/28/2008 8:00:00 AM,1601,Major Arterial,Toronto and East York,43.658045,-79.39949,,No Control,Clear,Daylight,Dry,Non-Fatal Injury,Pedestrian Collisions,Vehicle Owner,unknown,,Other,,,,,,Yes,,Yes,,,,,,,,,,79,79,D52
6/28/2008 8:00:00 AM,1601,Major Arterial,Toronto and East York,43.658045,-79.39949,,No Control,Clear,Daylight,Dry,Non-Fatal Injury,Pedestrian Collisions,Pedestrian,25 to 29,Unknown,Other,,,,Medical or Physical Disability,,Yes,,Yes,,,,,,,,,,79,79,D52
7/20/2008 8:00:00 AM,300,Major Arterial,Etobicoke York,43.681645,-79.47679,At Intersection,Traffic Signal,Rain,Dark,Wet,Non-Fatal Injury,Turning Movement,Passenger,25 to 29,,Other,,,,,,,,Yes,,,,Yes,,,,,,111,111,D12
7/20/2008 8:00:00 AM,300,Major Arterial,Etobicoke York,43.681645,-79.47679,At Intersection,Traffic Signal,Rain,Dark,Wet,Non-Fatal Injury,Turning Movement,Passenger,35 to 39,,Other,,,,,,,,Yes,,,,Yes,,,,,,111,111,D12
7/20/2008 8:00:00 AM,300,Major Arterial,Etobicoke York,43.681645,-79.47679,At Intersection,Traffic Signal,Rain,Dark,Wet,Non-Fatal Injury,Turning Movement,Passenger,70 to 74,,Other,,,,,,,,Yes,,,,Yes,,,,,,111,111,D12
7/20/2008 8:00:00 AM,300,Major Arterial,Etobicoke York,43.681645,-79.47679,At Intersection,Traffic Signal,Rain,Dark,Wet,Non-Fatal Injury,Turning Movement,Vehicle Owner,unknown,,Other,,,,,,,,Yes,,,,Yes,,,,,,111,111,D12
7/20/2008 8:00:00 AM,300,Major Arterial,Etobicoke York,43.681645,-79.47679,At Intersection,Traffic Signal,Rain,Dark,Wet,Non-Fatal Injury,Turning Movement,Driver,15 to 19,South,"Automobile, Station Wagon",Turning Left,Improper Turn,Normal,,,,,Yes,,,,Yes,,,,,,111,111,D12
6/12/2008 8:00:00 AM,853,Major Arterial,Toronto and East York,43.643945,-79.40269,At Intersection,Traffic Signal,Clear,Daylight,Dry,Non-Fatal Injury,Cyclist Collisions,Cyclist,40 to 44,East,Bicycle,Going Ahead,,,,Lost control,,Yes,Yes,,,,,,,,,,164,77,D14
6/30/2008 8:00:00 AM,1040,Minor Arterial,Toronto and East York,43.650145,-79.43929,,No Control,Clear,Daylight,Dry,Non-Fatal Injury,Cyclist Collisions,Cyclist,20 to 24,East,Bicycle,Going Ahead,,,,Driving Properly,,Yes,Yes,,,,,,,,,,84,83,D11
7/4/2008 8:00:00 AM,1302,Major Arterial,Scarborough,43.745445,-79.25199,,Traffic Signal,Clear,Daylight,Dry,Non-Fatal Injury,Turning Movement,Vehicle Owner,unknown,,Other,,,,,,,,Yes,,,,,,,,,,157,127,D43
7/4/2008 8:00:00 AM,1302,Major Arterial,Scarborough,43.745445,-79.25199,,Traffic Signal,Clear,Daylight,Dry,Non-Fatal Injury,Turning Movement,Driver,25 to 29,North,"Automobile, Station Wagon",Going Ahead,Driving Properly,Normal,,,,,Yes,,,,,,,,,,157,127,D43
7/4/2008 8:00:00 AM,1302,Major Arterial,Scarborough,43.745445,-79.25199,,Traffic Signal,Clear,Daylight,Dry,Non-Fatal Injury,Turning Movement,Driver,25 to 29,South,"Automobile, Station Wagon",Going Ahead,Driving Properly,Normal,,,,,Yes,,,,,,,,,,157,127,D43
7/7/2008 8:00:00 AM,437,Major Arterial,Etobicoke York,43.699845,-79.53429,At Intersection,Traffic Signal,Clear,Dark,Dry,Non-Fatal Injury,SMV Other,Other Property Owner,unknown,,Other,,,,,,,,Yes,,,,,,Yes,,,,6,6,D23
7/28/2008 8:00:00 AM,1407,Minor Arterial,Toronto and East York,43.689045,-79.35089,,No Control,Clear,Daylight,Dry,Non-Fatal Injury,Pedestrian Collisions,Pedestrian,75 to 79,South,Other,,,,Inattentive,,Yes,,Yes,,,,,,Yes,,,,57,57,D55
7/29/2008 8:00:00 AM,708,Major Arterial,Etobicoke York,43.719045,-79.50819,At Intersection,Traffic Signal,Clear,Daylight,Dry,Non-Fatal Injury,Pedestrian Collisions,Vehicle Owner,unknown,,Other,,,,,,Yes,,Yes,,,,,,Yes,,,,154,26,D31
7/29/2008 8:00:00 AM,708,Major Arterial,Etobicoke York,43.719045,-79.50819,At Intersection,Traffic Signal,Clear,Daylight,Dry,Non-Fatal Injury,Pedestrian Collisions,Pedestrian,75 to 79,,Other,,,,Normal,,Yes,,Yes,,,,,,Yes,,,,154,26,D31
7/29/2008 8:00:00 AM,1235,Local,Scarborough,43.711545,-79.24639,,No Control,Clear,Daylight,Dry,Non-Fatal Injury,Pedestrian Collisions,Vehicle Owner,unknown,,Other,,,,,,Yes,,Yes,,,,,,,,,,123,123,D41