DATE,TIME,ROAD_CLASS,DISTRICT,LATITUDE,LONGITUDE,ACCLOC,TRAFFCTL,VISIBILITY,LIGHT,RDSFCOND,ACCLASS,IMPACTYPE,INVTYPE,INVAGE,INITDIR,VEHTYPE,MANOEUVER,DRIVACT,DRIVCOND,PEDCOND,CYCACT,PEDESTRIAN,CYCLIST,AUTOMOBILE,MOTORCYCLE,TRUCK,TRSN_CITY_VEH,PASSENGER,SPEEDING,AG_DRIV,REDLIGHT,ALCOHOL,DISABILITY,HOOD_158,HOOD_140,DIVISION
3/4/2009 10:00:00 AM,2141,Major Arterial,Toronto and East York,43.688145,-79.30179,,,Other,Dark,Other,Non-Fatal Injury,Other,Passenger,unknown,,Other,Other,,,,,,,Yes,,,,Yes,,,,,,62,62,D55
3/4/2009 10:00:00 AM,2141,Major Arterial,Toronto and East York,43.688145,-79.30179,,,Other,Dark,Other,Non-Fatal Injury,Other,Driver,50 to 54,,"Automobile, Station Wagon",Unknown,,,,,,,Yes,,,,Yes,,,,,,62,62,D55
3/4/2009 10:00:00 AM,2141,Major Arterial,Toronto and East York,43.688145,-79.30179,,,Other,Dark,Other,Non-Fatal Injury,Other,Driver,unknown,,Other,Unknown,,,,,,,Yes,,,,Yes,,,,,,62,62,D55
3/4/2009 10:00:00 AM,2141,Major Arterial,Toronto and East York,43.688145,-79.30179,,,Other,Dark,Other,Non-Fatal Injury,Other,Passenger,unknown,,Other,Other,,,,,,,Yes,,,,Yes,,,,,,62,62,D55
3/4/2009 10:00:00 AM,2141,Major Arterial,Toronto and East York,43.688145,-79.30179,,,Other,Dark,Other,Non-Fatal Injury,Other,Driver,50 to 54,,"Automobile, Station Wagon",Unknown,,,,,,,Yes,,,,Yes,,,,,,62,62,D55
3/4/2009 10:00:00 AM,2141,Major Arterial,Toronto and East York,43.688145,-79.30179,,,Other,Dark,Other,Non-Fatal Injury,Other,Other Property Owner,unknown,,Other,Other,,,,,,,Yes,,,,Yes,,,,,,62,62,D55
3/8/2009 9:00:00 AM,12,Major Arterial,Etobicoke York,43.601645,-79.54519,,Traffic Signal,Rain,Dark,Wet,Non-Fatal Injury,Rear End,Vehicle Owner,unknown,,Other,,,,,,,,Yes,,,Yes,Yes,,Yes,,Yes,,20,20,D22
3/8/2009 9:00:00 AM,12,Major Arterial,Etobicoke York,43.601645,-79.54519,,Traffic Signal,Rain,Dark,Wet,Non-Fatal Injury,Rear End,Passenger,unknown,,Other,,,,,,,,Yes,,,Yes,Yes,,Yes,,Yes,,20,20,D22
3/8/2009 9:00:00 AM,12,Major Arterial,Etobicoke York,43.601645,-79.54519,,Traffic Signal,Rain,Dark,Wet,Non-Fatal Injury,Rear End,Driver,35 to 39,South,Municipal Transit Bus (TTC),Stopped,Driving Properly,Normal,,,,,Yes,,,Yes,Yes,,Yes,,Yes,,20,20,D22
3/7/2009 10:00:00 AM,420,,Toronto and East York,43.636345,-79.44239,,No Control,Clear,Dark,Dry,Non-Fatal Injury,Rear End,Vehicle Owner,unknown,,Other,,,,,,,,Yes,,,,Yes,,Yes,,,,85,85,D14
3/7/2009 10:00:00 AM,420,,Toronto and East York,43.636345,-79.44239,,No Control,Clear,Dark,Dry,Non-Fatal Injury,Rear End,Passenger,30 to 34,,Other,,,,,,,,Yes,,,,Yes,,Yes,,,,85,85,D14
3/7/2009 10:00:00 AM,420,,Toronto and East York,43.636345,-79.44239,,No Control,Clear,Dark,Dry,Non-Fatal Injury,Rear End,Passenger,25 to 29,,Other,,,,,,,,Yes,,,,Yes,,Yes,,,,85,85,D14
3/7/2009 10:00:00 AM,420,,Toronto and East York,43.636345,-79.44239,,No Control,Clear,Dark,Dry,Non-Fatal Injury,Rear End,Driver,25 to 29,West,"Automobile, Station Wagon",Stopped,Following too Close,Normal,,,,,Yes,,,,Yes,,Yes,,,,85,85,D14
3/7/2009 10:00:00 AM,420,,Toronto and East York,43.636345,-79.44239,,No Control,Clear,Dark,Dry,Non-Fatal Injury,Rear End,Driver,25 to 29,West,"Automobile, Station Wagon",Stopped,Driving Properly,Normal,,,,,Yes,,,,Yes,,Yes,,,,85,85,D14
3/7/2009 10:00:00 AM,420,,Toronto and East York,43.636345,-79.44239,,No Control,Clear,Dark,Dry,Non-Fatal Injury,Rear End,Driver,45 to 49,West,"Automobile, Station Wagon",Going Ahead,Following too Close,Normal,,,,,Yes,,,,Yes,,Yes,,,,85,85,D14
2/8/2009 10:00:00 AM,1856,Major Arterial,Toronto and East York,43.665545,-79.48289,,No Control,Clear,Dark,Dry,Non-Fatal Injury,Cyclist Collisions,Cyclist,45 to 49,East,Bicycle,Changing Lanes,,,,Failed to Yield Right of Way,,Yes,Yes,,,,,,,,,,89,89,D11
2/19/2009 10:00:00 AM,1945,Minor Arterial,Etobicoke York,43.694745,-79.50639,,Pedestrian Crossover,Clear,Dark,Dry,Non-Fatal Injury,Pedestrian Collisions,Wheelchair,40 to 44,East,Other,,,,Normal,,Yes,,Yes,,,,,,Yes,,,,113,113,D12
2/12/2009 10:00:00 AM,1444,Minor Arterial,Toronto and East York,43.647745,-79.43069,,No Control,Clear,Daylight,Dry,Non-Fatal Injury,Approaching,Vehicle Owner,unknown,,Other,,,,,,,,Yes,,,Yes,,,,,,,84,84,D14
2/12/2009 10:00:00 AM,1444,Minor Arterial,Toronto and East York,43.647745,-79.43069,,No Control,Clear,Daylight,Dry,Non-Fatal Injury,Approaching,Driver,45 to 49,South,Municipal Transit Bus (TTC),Going Ahead,Driving Properly,Normal,,,,,Yes,,,Yes,,,,,,,84,84,D14
2/12/2009 10:00:00 AM,1,Minor Arterial,Scarborough,43.827345,-79.26519,,No Control,Rain,Dark,Wet,Non-Fatal Injury,SMV Other,Other Property Owner,unknown,,Other,,,,,,,,,,,,,,,,,,130,130,D42
2/13/2009 10:00:00 AM,1725,Major Arterial,North York,43.762345,-79.41119,,No Control,Clear,Daylight,Dry,Non-Fatal Injury,Pedestrian Collisions,Pedestrian,25 to 29,East,Other,,,,Normal,,Yes,,Yes,,,,,,,,,,38,38,D32
3/11/2009 8:00:00 AM,828,Collector,North York,43.760645,-79.35849,At Intersection,No Control,Clear,Daylight,Dry,Non-Fatal Injury,Pedestrian Collisions,Vehicle Owner,unknown,,Other,,,,,,Yes,,,,,Yes,,,Yes,,,,40,40,D33
3/11/2009 8:00:00 AM,828,Collector,North York,43.760645,-79.35849,At Intersection,No Control,Clear,Daylight,Dry,Non-Fatal Injury,Pedestrian Collisions,Pedestrian,20 to 24,North,Other,,,,Normal,,Yes,,,,,Yes,,,Yes,,,,40,40,D33
3/12/2009 8:00:00 AM,1535,Local,Etobicoke York,43.753745,-79.51859,,No Control,Clear,Daylight,Dry,Non-Fatal Injury,Pedestrian Collisions,Pedestrian,5 to 9,North,Other,,,,Inattentive,,Yes,,Yes,,,,,,,,,Yes,25,25,D31
1/19/2009 10:00:00 AM,1805,Major Arterial,North York,43.712545,-79.36969,At Intersection,Traffic Signal,Snow,Dark,Ice,Non-Fatal Injury,Turning Movement,Passenger,65 to 69,,Other,,,,,,,,Yes,,,,Yes,,,,,,56,56,D53
1/19/2009 10:00:00 AM,1805,Major Arterial,North York,43.712545,-79.36969,At Intersection,Traffic Signal,Snow,Dark,Ice,Non-Fatal Injury,Turning Movement,Driver,35 to 39,West,"Automobile, Station Wagon",Turning Left,Improper Turn,Inattentive,,,,,Yes,,,,Yes,,,,,,56,56,D53
1/26/2009 10:00:00 AM,17,Major Arterial,Toronto and East York,43.654945,-79.33739,At Intersection,Traffic Signal,Clear,Dark,Dry,Non-Fatal Injury,Turning Movement,Driver,20 to 24,East,"Automobile, Station Wagon",Turning Left,Failed to Yield Right of Way,Inattentive,,,,,Yes,,,,,,Yes,,,,70,70,D55
2/21/2009 10:00:00 AM,255,Major Arterial,North York,43.736845,-79.43669,,Stop Sign,Clear,Dark,Wet,Non-Fatal Injury,Pedestrian Collisions,Pedestrian,30 to 34,,Other,Other,,,Had Been Drinking,,Yes,,Yes,,,,,,Yes,,Yes,,33,33,D32
2/17/2009 10:00:00 AM,1438,Major Arterial,Toronto and East York,43.687945,-79.28699,,Traffic Signal,Clear,Daylight,Dry,Non-Fatal Injury,Pedestrian Collisions,Pedestrian,40 to 44,,Other,Other,,,Fatigue,,Yes,,Yes,,,,,,,,,,122,122,D41
2/23/2009 10:00:00 AM,1925,Major Arterial,Toronto and East York,43.648638,-79.380267,At Intersection,Traffic Signal,Clear,"Dark, artificial",Dry,Non-Fatal Injury,Pedestrian Collisions,Vehicle Owner,unknown,,Other,,,,,,Yes,,,,,Yes,,,,,,,170,76,D52
2/23/2009 10:00:00 AM,1925,Major Arterial,Toronto and East York,43.648638,-79.380267,At Intersection,Traffic Signal,Clear,"Dark, artificial",Dry,Non-Fatal Injury,Pedestrian Collisions,Pedestrian,30 to 34,Unknown,Other,,,,Unknown,,Yes,,,,,Yes,,,,,,,170,76,D52
2/26/2009 10:00:00 AM,730,Major Arterial,Scarborough,43.776305,-79.285159,At Intersection,Traffic Signal,Clear,Daylight,Dry,Non-Fatal Injury,Angle,Passenger,45 to 49,,Other,,,,,,,,Yes,,,,Yes,,,,,,128,128,D42
2/26/2009 10:00:00 AM,730,Major Arterial,Scarborough,43.776305,-79.285159,At Intersection,Traffic Signal,Clear,Daylight,Dry,Non-Fatal Injury,Angle,Vehicle Owner,unknown,,Other,,,,,,,,Yes,,,,Yes,,,,,,128,128,D42
2/26/2009 10:00:00 AM,730,Major Arterial,Scarborough,43.776305,-79.285159,At Intersection,Traffic Signal,Clear,Daylight,Dry,Non-Fatal Injury,Angle,Driver,55 to 59,West,"Automobile, Station Wagon",Going Ahead,Lost control,Unknown,,,,,Yes,,,,Yes,,,,,,128,128,D42
3/20/2009 8:00:00 AM,852,Major Arterial,North York,43.713745,-79.45619,,No Control,Clear,Daylight,Other,Non-Fatal Injury,Pedestrian Collisions,Vehicle Owner,unknown,,Other,,,,,,Yes,,Yes,,,,,,,,,,31,31,D13
3/20/2009 8:00:00 AM,852,Major Arterial,North York,43.713745,-79.45619,,No Control,Clear,Daylight,Other,Non-Fatal Injury,Pedestrian Collisions,Pedestrian,70 to 74,South,Other,,,,Normal,,Yes,,Yes,,,,,,,,,,31,31,D13
3/21/2009 8:00:00 AM,2100,Major Arterial,Etobicoke York,43.719145,-79.60349,At Intersection,No Control,Clear,Dark,Dry,Non-Fatal Injury,Pedestrian Collisions,Pedestrian,70 to 74,North,Other,,,,Normal,,Yes,,Yes,,,,,,,,,,1,1,D23
3/19/2009 8:00:00 AM,2320,Major Arterial,Scarborough,43.711145,-79.24819,,Traffic Signal,Clear,Dark,Dry,Non-Fatal Injury,Pedestrian Collisions,Pedestrian,15 to 19,North,Other,,,,Normal,,Yes,,Yes,,,,,,,,,,123,123,D41
2/26/2009 10:00:00 AM,2319,Minor Arterial,Toronto and East York,43.663245,-79.33019,,Traffic Signal,Clear,Dark,Dry,Non-Fatal Injury,Pedestrian Collisions,Pedestrian,25 to 29,,Other,Other,,,Normal,,Yes,,Yes,,,,,,Yes,,,,65,70,D55
3/2/2009 10:00:00 AM,1628,Minor Arterial,North York,43.765769,-79.409107,,Pedestrian Crossover,Clear,Daylight,Dry,Non-Fatal Injury,Pedestrian Collisions,Pedestrian,35 to 39,East,Other,,,,Normal,,Yes,,Yes,,,,,,Yes,,,,151,51,D32
3/7/2009 10:00:00 AM,1318,Minor Arterial,Toronto and East York,43.686145,-79.44329,,No Control,Rain,Daylight,Wet,Non-Fatal Injury,Pedestrian Collisions,Pedestrian,10 to 14,,Other,Other,,,Inattentive,,Yes,,Yes,,,,,,,,,,107,107,D13
3/27/2009 8:00:00 AM,2337,Major Arterial,Etobicoke York,43.704745,-79.50429,At Intersection,No Control,Clear,Dark,Dry,Non-Fatal Injury,Pedestrian Collisions,Pedestrian,35 to 39,West,Other,,,,Had Been Drinking,,Yes,,Yes,,,,,,Yes,,,,28,28,D12
3/10/2009 8:00:00 AM,1156,Minor Arterial,Toronto and East York,43.667445,-79.343387,,No Control,Clear,Daylight,Dry,Non-Fatal Injury,Cyclist Collisions,Cyclist,45 to 49,West,Bicycle,Going Ahead,,,,Driving Properly,,Yes,Yes,,,,,,,,,,70,70,D55
3/10/2009 8:00:00 AM,2051,Major Arterial,Scarborough,43.794645,-79.23489,At Intersection,Traffic Signal,Rain,Dark,Wet,Non-Fatal Injury,Pedestrian Collisions,Pedestrian,45 to 49,South,Other,,,,Normal,,Yes,,Yes,,,,,,Yes,,,,146,132,D42
3/11/2009 8:00:00 AM,2128,Major Arterial,Toronto and East York,43.656345,-79.45249,,No Control,Clear,Dark,Dry,Non-Fatal Injury,Pedestrian Collisions,Pedestrian,40 to 44,,Other,,,,"Ability Impaired, Alcohol Over .80",,Yes,,,,,Yes,,,,,,,88,88,D11
4/2/2009 8:00:00 AM,1143,Major Arterial,North York,43.763845,-79.31789,,No Control,Clear,Daylight,Dry,Non-Fatal Injury,SMV Other,Vehicle Owner,unknown,,Other,,,,,,,,Yes,,,,,,,,,Yes,119,119,D41
3/3/2009 10:00:00 AM,1850,Major Arterial,Scarborough,43.786645,-79.27299,,No Control,Clear,Dawn,Dry,Non-Fatal Injury,Rear End,Vehicle Owner,unknown,,Other,,,,,,,,Yes,,,,,Yes,Yes,,,,128,128,D42
3/3/2009 10:00:00 AM,1850,Major Arterial,Scarborough,43.786645,-79.27299,,No Control,Clear,Dawn,Dry,Non-Fatal Injury,Rear End,Driver,45 to 49,West,"Automobile, Station Wagon",Going Ahead,Driving Properly,Normal,,,,,Yes,,,,,Yes,Yes,,,,128,128,D42
3/13/2009 8:00:00 AM,500,Collector,Etobicoke York,43.689545,-79.58729,At Intersection,Stop Sign,Clear,Dark,Dry,Non-Fatal Injury,Turning Movement,Vehicle Owner,unknown,,Other,,,,,,,,Yes,,Yes,,,,,,,,1,1,D23
3/13/2009 8:00:00 AM,500,Collector,Etobicoke York,43.689545,-79.58729,At Intersection,Stop Sign,Clear,Dark,Dry,Non-Fatal Injury,Turning Movement,Driver,45 to 49,North,"Automobile, Station Wagon",Going Ahead,Driving Properly,Normal,,,,,Yes,,Yes,,,,,,,,1,1,D23
4/1/2009 8:00:00 AM,1245,Other,Etobicoke York,43.696645,-79.48979,,No Control,Clear,Daylight,Dry,Non-Fatal Injury,Rear End,Driver,40 to 44,East,"Automobile, Station Wagon",Stopped,Driving Properly,Normal,,,,,Yes,,,,,,Yes,,,,30,30,D12
3/14/2009 8:00:00 AM,1707,Major Arterial,Toronto and East York,43.648045,-79.37999,,No Control,Clear,Daylight,Dry,Non-Fatal Injury,Pedestrian Collisions,Pedestrian,15 to 19,East,Other,,,,Normal,,Yes,,Yes,,,,,,,,,,170,76,D52
4/8/2009 8:00:00 AM,1418,Collector,Etobicoke York,43.659743,-79.510089,,No Control,Clear,Daylight,Dry,Non-Fatal Injury,Pedestrian Collisions,Vehicle Owner,unknown,,Other,,,,,,Yes,,Yes,,,,,,,,,,15,15,D22
4/8/2009 8:00:00 AM,1418,Collector,Etobicoke York,43.659743,-79.510089,,No Control,Clear,Daylight,Dry,Non-Fatal Injury,Pedestrian Collisions,Wheelchair,65 to 69,North,Other,Going Ahead,,,,,Yes,,Yes,,,,,,,,,,15,15,D22
3/17/2009 8:00:00 AM,1840,Major Arterial,Etobicoke York,43.690245,-79.48349,At Intersection,No Control,Clear,Daylight,Dry,Non-Fatal Injury,Rear End,Vehicle Owner,unknown,,Other,,,,,,,,Yes,,,,,,Yes,,,,112,112,D12
3/17/2009 8:00:00 AM,1840,Major Arterial,Etobicoke York,43.690245,-79.48349,At Intersection,No Control,Clear,Daylight,Dry,Non-Fatal Injury,Rear End,Driver,20 to 24,South,"Automobile, Station Wagon",Going Ahead,Following too Close,Inattentive,,,,,Yes,,,,,,Yes,,,,112,112,D12
4/10/2009 8:00:00 AM,910,Major Arterial,Toronto and East York,43.661145,-79.42939,At Intersection,Traffic Signal,Clear,Daylight,Dry,Non-Fatal Injury,Pedestrian Collisions,Pedestrian,75 to 79,North,Other,,,,Normal,,Yes,,Yes,,,,,,Yes,,,,80,80,D14
4/13/2009 8:00:00 AM,2302,Major Arterial,Scarborough,43.789645,-79.25879,At Intersection,Traffic Signal,Clear,Dark,Dry,Non-Fatal Injury,Pedestrian Collisions,Pedestrian,30 to 34,North,Other,,,,Inattentive,,Yes,,Yes,,,,,,,,,,128,128,D42
2/24/2009 10:00:00 AM,308,Major Arterial,North York,43.752145,-79.40809,,No Control,Clear,Dark,Dry,Non-Fatal Injury,Pedestrian Collisions,Vehicle Owner,unknown,,Other,,,,,,Yes,,,,,Yes,,,,,,,40,40,D32
2/24/2009 10:00:00 AM,308,Major Arterial,North York,43.752145,-79.40809,,No Control,Clear,Dark,Dry,Non-Fatal Injury,Pedestrian Collisions,Pedestrian,55 to 59,,Other,,,,Had Been Drinking,,Yes,,,,,Yes,,,,,,,40,40,D32
4/18/2009 8:00:00 AM,1534,Major Arterial,Toronto and East York,43.644045,-79.37579,At Intersection,Traffic Signal,Clear,Daylight,Dry,Non-Fatal Injury,Angle,Passenger,35 to 39,,Other,,,,,,,,Yes,,,,Yes,,Yes,Yes,,,166,77,D52
4/18/2009 8:00:00 AM,1534,Major Arterial,Toronto and East York,43.644045,-79.37579,At Intersection,Traffic Signal,Clear,Daylight,Dry,Non-Fatal Injury,Angle,Driver,40 to 44,West,"Automobile, Station Wagon",Going Ahead,Driving Properly,Normal,,,,,Yes,,,,Yes,,Yes,Yes,,,166,77,D52
4/18/2009 8:00:00 AM,1534,Major Arterial,Toronto and East York,43.644045,-79.37579,At Intersection,Traffic Signal,Clear,Daylight,Dry,Non-Fatal Injury,Angle,Passenger,0 to 4,,Other,,,,,,,,Yes,,,,Yes,,Yes,Yes,,,166,77,D52
4/18/2009 8:00:00 AM,1534,Major Arterial,Toronto and East York,43.644045,-79.37579,At Intersection,Traffic Signal,Clear,Daylight,Dry,Non-Fatal Injury,Angle,Passenger,25 to 29,,Other,,,,,,,,Yes,,,,Yes,,Yes,Yes,,,166,77,D52
4/18/2009 8:00:00 AM,1534,Major Arterial,Toronto and East York,43.644045,-79.37579,At Intersection,Traffic Signal,Clear,Daylight,Dry,Non-Fatal Injury,Angle,Driver,35 to 39,North,"Automobile, Station Wagon",Going Ahead,Disobeyed Traffic Control,Inattentive,,,,,Yes,,,,Yes,,Yes,Yes,,,166,77,D52
4/18/2009 8:00:00 AM,2250,Major Arterial,Etobicoke York,43.731145,-79.60169,,No Control,Clear,Dark,Dry,Non-Fatal Injury,Rear End,Driver,unknown,,"Automobile, Station Wagon",Stopped,,,,,,,Yes,,,,,,,,,,1,1,D23
3/27/2009 8:00:00 AM,1900,Local,Etobicoke York,43.603245,-79.50389,,No Control,Clear,Daylight,Dry,Non-Fatal Injury,SMV Other,Vehicle Owner,unknown,,Other,,,,,,,,,Yes,,,,,,,,,18,18,D22
3/29/2009 8:00:00 AM,215,Major Arterial,Toronto and East York,43.674143,-79.459987,At Intersection,Traffic Signal,Clear,Dark,Dry,Non-Fatal Injury,Approaching,Passenger,20 to 24,,Other,Other,,,,,,,Yes,,,,Yes,,,,,,91,91,D11
3/29/2009 8:00:00 AM,215,Major Arterial,Toronto and East York,43.674143,-79.459987,At Intersection,Traffic Signal,Clear,Dark,Dry,Non-Fatal Injury,Approaching,Passenger,30 to 34,North,Other,Turning Left,,,,,,,Yes,,,,Yes,,,,,,91,91,D11
3/29/2009 8:00:00 AM,215,Major Arterial,Toronto and East York,43.674143,-79.459987,At Intersection,Traffic Signal,Clear,Dark,Dry,Non-Fatal Injury,Approaching,Driver,unknown,,"Automobile, Station Wagon",,,,,,,,Yes,,,,Yes,,,,,,91,91,D11
4/22/2009 8:00:00 AM,541,Major Arterial,Etobicoke York,43.743245,-79.58209,,Traffic Signal,Clear,Dawn,Dry,Non-Fatal Injury,Pedestrian Collisions,Vehicle Owner,unknown,,Other,,,,,,Yes,,Yes,,,,,,,,,,3,3,D23
4/22/2009 8:00:00 AM,541,Major Arterial,Etobicoke York,43.743245,-79.58209,,Traffic Signal,Clear,Dawn,Dry,Non-Fatal Injury,Pedestrian Collisions,Pedestrian,55 to 59,South,Other,,,,Medical or Physical Disability,,Yes,,Yes,,,,,,,,,,3,3,D23
4/6/2009 8:00:00 AM,2150,Major Arterial,Etobicoke York,43.747645,-79.62659,,No Control,Freezing Rain,Dark,Ice,Non-Fatal Injury,Rear End,Driver,35 to 39,West,"Automobile, Station Wagon",Going Ahead,Driving Properly,Normal,,,,,Yes,,,,,Yes,Yes,,Yes,,1,1,D23
4/7/2009 8:00:00 AM,45,Major Arterial,Etobicoke York,43.734345,-79.62619,At Intersection,No Control,Freezing Rain,Dark,Ice,Non-Fatal Injury,SMV Other,Vehicle Owner,unknown,,"Automobile, Station Wagon",,,,,,,,Yes,,,,,,,,,,1,1,D23
4/7/2009 8:00:00 AM,45,Major Arterial,Etobicoke York,43.734345,-79.62619,At Intersection,No Control,Freezing Rain,Dark,Ice,Non-Fatal Injury,SMV Other,Vehicle Owner,unknown,,Other,,,,,,,,Yes,,,,,,,,,,1,1,D23
4/23/2009 8:00:00 AM,1730,Local,Toronto and East York,43.663545,-79.33969,,No Control,Clear,Daylight,Dry,Non-Fatal Injury,Pedestrian Collisions,Pedestrian,55 to 59,West,Other,,,,Normal,,Yes,,Yes,,,,,,,,,,70,70,D55
4/10/2009 8:00:00 AM,1808,Major Arterial,Scarborough,43.759045,-79.31019,,No Control,Clear,Daylight,Dry,Non-Fatal Injury,SMV Other,Passenger,10 to 14,,Other,,,,,,,,Yes,,,,Yes,,,,,,119,119,D41
4/10/2009 8:00:00 AM,1808,Major Arterial,Scarborough,43.759045,-79.31019,,No Control,Clear,Daylight,Dry,Non-Fatal Injury,SMV Other,Vehicle Owner,unknown,,Other,,,,,,,,Yes,,,,Yes,,,,,,119,119,D41
4/10/2009 8:00:00 AM,1808,Major Arterial,Scarborough,43.759045,-79.31019,,No Control,Clear,Daylight,Dry,Non-Fatal Injury,SMV Other,Other Property Owner,unknown,,Other,,,,,,,,Yes,,,,Yes,,,,,,119,119,D41
4/24/2009 8:00:00 AM,1035,Minor Arterial,Toronto and East York,43.639945,-79.38019,,Traffic Signal,Clear,Daylight,Dry,Non-Fatal Injury,Pedestrian Collisions,Vehicle Owner,unknown,,"Automobile, Station Wagon",,,,,,Yes,,Yes,,,,,,Yes,,,,166,77,D52
4/24/2009 8:00:00 AM,1035,Minor Arterial,Toronto and East York,43.639945,-79.38019,,Traffic Signal,Clear,Daylight,Dry,Non-Fatal Injury,Pedestrian Collisions,Pedestrian,0 to 4,South,Other,,,,Normal,,Yes,,Yes,,,,,,Yes,,,,166,77,D52
4/6/2009 8:00:00 AM,2140,Major Arterial,Scarborough,43.810843,-79.25291,At Intersection,Traffic Signal,Freezing Rain,Dark,Ice,Non-Fatal Injury,Rear End,Passenger,15 to 19,,Other,,,,,,,,Yes,,,Yes,Yes,,,,,,129,129,D42
4/6/2009 8:00:00 AM,2140,Major Arterial,Scarborough,43.810843,-79.25291,At Intersection,Traffic Signal,Freezing Rain,Dark,Ice,Non-Fatal Injury,Rear End,Passenger,20 to 24,,Other,,,,,,,,Yes,,,Yes,Yes,,,,,,129,129,D42
4/6/2009 8:00:00 AM,2140,Major Arterial,Scarborough,43.810843,-79.25291,At Intersection,Traffic Signal,Freezing Rain,Dark,Ice,Non-Fatal Injury,Rear End,Driver,45 to 49,East,"Automobile, Station Wagon",Going Ahead,Driving Properly,Normal,,,,,Yes,,,Yes,Yes,,,,,,129,129,D42
4/6/2009 8:00:00 AM,2140,Major Arterial,Scarborough,43.810843,-79.25291,At Intersection,Traffic Signal,Freezing Rain,Dark,Ice,Non-Fatal Injury,Rear End,Vehicle Owner,unknown,,Other,,,,,,,,Yes,,,Yes,Yes,,,,,,129,129,D42
4/6/2009 8:00:00 AM,2140,Major Arterial,Scarborough,43.810843,-79.25291,At Intersection,Traffic Signal,Freezing Rain,Dark,Ice,Non-Fatal Injury,Rear End,Driver,30 to 34,East,Municipal Transit Bus (TTC),Stopped,Driving Properly,Normal,,,,,Yes,,,Yes,Yes,,,,,,129,129,D42
4/9/2009 8:00:00 AM,52,Major Arterial,Scarborough,43.824545,-79.24809,,No Control,Clear,Dark,Dry,Non-Fatal Injury,Angle,Passenger,45 to 49,,Other,,,,,,,,Yes,,,,Yes,Yes,Yes,,,,130,130,D42
4/9/2009 8:00:00 AM,52,Major Arterial,Scarborough,43.824545,-79.24809,,No Control,Clear,Dark,Dry,Non-Fatal Injury,Angle,Passenger,unknown,,Other,,,,,,,,Yes,,,,Yes,Yes,Yes,,,,130,130,D42
4/9/2009 8:00:00 AM,52,Major Arterial,Scarborough,43.824545,-79.24809,,No Control,Clear,Dark,Dry,Non-Fatal Injury,Angle,Driver,25 to 29,East,"Automobile, Station Wagon",Going Ahead,Exceeding Speed Limit,Normal,,,,,Yes,,,,Yes,Yes,Yes,,,,130,130,D42
4/28/2009 8:00:00 AM,24,Major Arterial,Scarborough,43.765745,-79.28109,At Intersection,Traffic Signal,Clear,Dark,Dry,Non-Fatal Injury,Angle,Passenger,20 to 24,,Other,,,,,,,,Yes,,,,Yes,,Yes,Yes,,,126,126,D41
4/28/2009 8:00:00 AM,24,Major Arterial,Scarborough,43.765745,-79.28109,At Intersection,Traffic Signal,Clear,Dark,Dry,Non-Fatal Injury,Angle,Vehicle Owner,unknown,,Other,,,,,,,,Yes,,,,Yes,,Yes,Yes,,,126,126,D41
4/28/2009 8:00:00 AM,24,Major Arterial,Scarborough,43.765745,-79.28109,At Intersection,Traffic Signal,Clear,Dark,Dry,Non-Fatal Injury,Angle,Driver,20 to 24,East,"Automobile, Station Wagon",Going Ahead,Disobeyed Traffic Control,Inattentive,,,,,Yes,,,,Yes,,Yes,Yes,,,126,126,D41
3/31/2009 8:00:00 AM,908,Major Arterial,Scarborough,43.710845,-79.28659,,No Control,Clear,Daylight,Dry,Non-Fatal Injury,Approaching,Driver,50 to 54,East,"Automobile, Station Wagon",Other,Other,Inattentive,,,,,Yes,,,,,,,,,,120,120,D41
4/7/2009 8:00:00 AM,1608,Minor Arterial,Toronto and East York,43.689345,-79.35499,,No Control,Clear,Daylight,Dry,Non-Fatal Injury,SMV Other,Vehicle Owner,unknown,,Other,,,,,,,,Yes,,,,,Yes,Yes,,Yes,,57,57,D55
4/11/2009 8:00:00 AM,2040,Minor Arterial,Toronto and East York,43.687645,-79.34029,At Intersection,Traffic Signal,Clear,Dark,Dry,Non-Fatal Injury,Pedestrian Collisions,Pedestrian,10 to 14,,Other,,,,Inattentive,,Yes,,Yes,,,,,,,,,,59,59,D55
5/7/2009 8:00:00 AM,2307,Minor Arterial,Toronto and East York,43.676543,-79.320789,,No Control,Clear,Dark,Dry,Non-Fatal Injury,Cyclist Collisions,Cyclist,15 to 19,North,Bicycle,Changing Lanes,,,,Improper Lane Change,,Yes,Yes,,,,,,,,,,64,64,D55
4/25/2009 8:00:00 AM,555,Major Arterial,North York,43.724745,-79.30259,,Traffic Signal,Clear,Dark,Dry,Non-Fatal Injury,Angle,Driver,25 to 29,East,"Automobile, Station Wagon",Going Ahead,Disobeyed Traffic Control,Normal,,,,,Yes,,,,,,Yes,Yes,,,119,119,D41
3/28/2009 8:00:00 AM,1444,Minor Arterial,Toronto and East York,43.651145,-79.44529,,No Control,Clear,Daylight,Dry,Non-Fatal Injury,Cyclist Collisions,Cyclist,30 to 34,West,Bicycle,Going Ahead,,,,Driving Properly,,Yes,Yes,,,,,,Yes,,,,86,86,D11
5/12/2009 8:00:00 AM,1540,Major Arterial,Scarborough,43.807045,-79.28879,At Intersection,Traffic Signal,Clear,Daylight,Dry,Non-Fatal Injury,Pedestrian Collisions,Pedestrian,20 to 24,North,Other,Other,,,Normal,,Yes,,Yes,,,,,,Yes,,,,129,129,D42