DATE,TIME,ROAD_CLASS,DISTRICT,LATITUDE,LONGITUDE,ACCLOC,TRAFFCTL,VISIBILITY,LIGHT,RDSFCOND,ACCLASS,IMPACTYPE,INVTYPE,INVAGE,INITDIR,VEHTYPE,MANOEUVER,DRIVACT,DRIVCOND,PEDCOND,CYCACT,PEDESTRIAN,CYCLIST,AUTOMOBILE,MOTORCYCLE,TRUCK,TRSN_CITY_VEH,PASSENGER,SPEEDING,AG_DRIV,REDLIGHT,ALCOHOL,DISABILITY,HOOD_158,HOOD_140,DIVISION
5/16/2009 8:00:00 AM,928,Minor Arterial,Toronto and East York,43.705345,-79.29589,,No Control,Clear,Daylight,Wet,Non-Fatal Injury,Approaching,Vehicle Owner,unknown,,Other,,,,,,,,Yes,,,,,,,,,,54,54,D55
5/16/2009 8:00:00 AM,928,Minor Arterial,Toronto and East York,43.705345,-79.29589,,No Control,Clear,Daylight,Wet,Non-Fatal Injury,Approaching,Driver,20 to 24,South,"Automobile, Station Wagon",Going Ahead,Lost control,Normal,,,,,Yes,,,,,,,,,,54,54,D55
5/18/2009 8:00:00 AM,2141,Major Arterial,North York,43.722245,-79.41559,At Intersection,Traffic Controller,Clear,Dark,Dry,Non-Fatal Injury,Rear End,Vehicle Owner,unknown,,Other,,,,,,,,Yes,,,,,,,,,Yes,39,39,D53
5/18/2009 8:00:00 AM,2141,Major Arterial,North York,43.722245,-79.41559,At Intersection,Traffic Controller,Clear,Dark,Dry,Non-Fatal Injury,Rear End,Driver,15 to 19,East,"Automobile, Station Wagon",Stopped,Driving Properly,Normal,,,,,Yes,,,,,,,,,Yes,39,39,D53
4/22/2009 8:00:00 AM,2336,Major Arterial,Etobicoke York,43.683945,-79.51149,At Intersection,Traffic Signal,Clear,Dark,Dry,Non-Fatal Injury,Turning Movement,Driver,40 to 44,South,"Automobile, Station Wagon",Going Ahead,Driving Properly,Normal,,,,,Yes,,,,,,,,,,9,9,D22
5/22/2009 8:00:00 AM,1525,Major Arterial,Toronto and East York,43.655945,-79.35769,,No Control,Clear,Daylight,Dry,Non-Fatal Injury,Pedestrian Collisions,Pedestrian,45 to 49,,Other,Other,,,Had Been Drinking,,Yes,,Yes,,,,,,,,,,73,73,D51
5/22/2009 8:00:00 AM,1525,Major Arterial,Toronto and East York,43.655945,-79.35769,,No Control,Clear,Daylight,Dry,Non-Fatal Injury,Pedestrian Collisions,Vehicle Owner,unknown,,Other,,,,,,Yes,,Yes,,,,,,,,,,73,73,D51
3/8/2009 9:00:00 AM,15,Major Arterial,Toronto and East York,43.654345,-79.39149,At Intersection,Traffic Signal,Clear,Dark,Wet,Non-Fatal Injury,Rear End,Passenger,20 to 24,,Other,,,,,,,,Yes,,,,Yes,,Yes,,,,78,78,D52
3/8/2009 9:00:00 AM,15,Major Arterial,Toronto and East York,43.654345,-79.39149,At Intersection,Traffic Signal,Clear,Dark,Wet,Non-Fatal Injury,Rear End,Vehicle Owner,unknown,,Other,,,,,,,,Yes,,,,Yes,,Yes,,,,78,78,D52
3/8/2009 9:00:00 AM,15,Major Arterial,Toronto and East York,43.654345,-79.39149,At Intersection,Traffic Signal,Clear,Dark,Wet,Non-Fatal Injury,Rear End,Driver,55 to 59,West,"Automobile, Station Wagon",Slowing or Stopping,Following too Close,Inattentive,,,,,Yes,,,,Yes,,Yes,,,,78,78,D52
4/7/2009 8:00:00 AM,1247,Major Arterial,Toronto and East York,43.636445,-79.39959,At Intersection,Traffic Signal,Clear,Daylight,Dry,Non-Fatal Injury,Approaching,Driver,60 to 64,East,"Automobile, Station Wagon",Going Ahead,Driving Properly,Normal,,,,,Yes,,,,,,Yes,,,,165,77,D14
4/29/2009 8:00:00 AM,2039,Major Arterial,Etobicoke York,43.614345,-79.55519,,No Control,Clear,Dark,Dry,Non-Fatal Injury,Turning Movement,Motorcycle Driver,25 to 29,West,Motorcycle,Going Ahead,Exceeding Speed Limit,Inattentive,,,,,Yes,Yes,,,,Yes,Yes,,,,159,14,D22
4/30/2009 8:00:00 AM,33,Major Arterial,Scarborough,43.801945,-79.19979,At Intersection,Traffic Signal,Clear,Dark,Dry,Non-Fatal Injury,Pedestrian Collisions,Pedestrian,25 to 29,North,Other,,,,Normal,,Yes,,Yes,,,,,,Yes,,,,146,132,D42
5/26/2009 8:00:00 AM,1915,Minor Arterial,Etobicoke York,43.682745,-79.46329,,Traffic Signal,Rain,Daylight,Wet,Non-Fatal Injury,Cyclist Collisions,Cyclist,50 to 54,West,Bicycle,Going Ahead,,,,Driving Properly,,Yes,Yes,,,,,,,,,,110,110,D12
4/30/2009 8:00:00 AM,1540,Collector,Scarborough,43.707945,-79.25189,At Intersection,Stop Sign,Clear,Daylight,Dry,Non-Fatal Injury,Cyclist Collisions,Cyclist,20 to 24,South,Bicycle,Turning Left,,,,Driving Properly,,Yes,Yes,,,,,Yes,Yes,,,,122,122,D41
5/2/2009 8:00:00 AM,1052,Minor Arterial,Toronto and East York,43.632445,-79.43429,At Intersection,No Control,Clear,Daylight,Dry,Non-Fatal Injury,Turning Movement,Vehicle Owner,unknown,,Other,,,,,,,,Yes,,Yes,,,,Yes,,,,85,85,D14
5/2/2009 8:00:00 AM,1052,Minor Arterial,Toronto and East York,43.632445,-79.43429,At Intersection,No Control,Clear,Daylight,Dry,Non-Fatal Injury,Turning Movement,Driver,20 to 24,East,"Automobile, Station Wagon",Turning Left,Failed to Yield Right of Way,Normal,,,,,Yes,,Yes,,,,Yes,,,,85,85,D14
5/2/2009 8:00:00 AM,1052,Minor Arterial,Toronto and East York,43.632445,-79.43429,At Intersection,No Control,Clear,Daylight,Dry,Non-Fatal Injury,Turning Movement,Other,unknown,,Other,,,,,,,,Yes,,Yes,,,,Yes,,,,85,85,D14
5/15/2009 8:00:00 AM,239,Major Arterial,Etobicoke York,43.686645,-79.59799,,No Control,Clear,Dark,Dry,Non-Fatal Injury,Pedestrian Collisions,Pedestrian,35 to 39,North,Other,,,,"Ability Impaired, Alcohol Over .80",,Yes,,Yes,,,,,Yes,Yes,,,,1,1,D23
5/4/2009 8:00:00 AM,1100,Minor Arterial,Etobicoke York,43.696945,-79.49389,At Intersection,No Control,Clear,Daylight,Dry,Non-Fatal Injury,Turning Movement,Vehicle Owner,unknown,,Other,,,,,,,,Yes,,,,Yes,,,,,,30,30,D12
5/4/2009 8:00:00 AM,1100,Minor Arterial,Etobicoke York,43.696945,-79.49389,At Intersection,No Control,Clear,Daylight,Dry,Non-Fatal Injury,Turning Movement,Passenger,50 to 54,,Other,,,,,,,,Yes,,,,Yes,,,,,,30,30,D12
5/4/2009 8:00:00 AM,1100,Minor Arterial,Etobicoke York,43.696945,-79.49389,At Intersection,No Control,Clear,Daylight,Dry,Non-Fatal Injury,Turning Movement,Driver,55 to 59,East,"Automobile, Station Wagon",Going Ahead,Driving Properly,Normal,,,,,Yes,,,,Yes,,,,,,30,30,D12
5/28/2009 8:00:00 AM,1252,Collector,Etobicoke York,43.732845,-79.58319,,No Control,Rain,Daylight,Wet,Non-Fatal Injury,SMV Other,Passenger,10 to 14,,Other,,,,,,,,Yes,,,,Yes,,,,,,2,2,D23
5/28/2009 8:00:00 AM,1252,Collector,Etobicoke York,43.732845,-79.58319,,No Control,Rain,Daylight,Wet,Non-Fatal Injury,SMV Other,Passenger,5 to 9,,Other,,,,,,,,Yes,,,,Yes,,,,,,2,2,D23
5/28/2009 8:00:00 AM,1252,Collector,Etobicoke York,43.732845,-79.58319,,No Control,Rain,Daylight,Wet,Non-Fatal Injury,SMV Other,Vehicle Owner,unknown,,Other,,,,,,,,Yes,,,,Yes,,,,,,2,2,D23
5/6/2009 8:00:00 AM,1909,Major Arterial,North York,43.720445,-79.41509,,No Control,Clear,Daylight,Dry,Non-Fatal Injury,Pedestrian Collisions,Vehicle Owner,unknown,,Other,,,,,,Yes,,Yes,,,,,,,,,,39,39,D53
5/6/2009 8:00:00 AM,1909,Major Arterial,North York,43.720445,-79.41509,,No Control,Clear,Daylight,Dry,Non-Fatal Injury,Pedestrian Collisions,Pedestrian,25 to 29,,Other,,,,Had Been Drinking,,Yes,,Yes,,,,,,,,,,39,39,D53
5/31/2009 8:00:00 AM,423,Major Arterial,Etobicoke York,43.686945,-79.48949,At Intersection,Traffic Signal,Clear,Dark,Dry,Non-Fatal Injury,SMV Other,Passenger,unknown,,Other,Other,,,,,,,Yes,,,,Yes,,,,Yes,,115,115,D12
5/7/2009 8:00:00 AM,553,Major Arterial,Toronto and East York,43.663645,-79.46379,At Intersection,Traffic Signal,Rain,Dawn,Wet,Non-Fatal Injury,Angle,Vehicle Owner,unknown,,Other,,,,,,,,Yes,,,,,,Yes,Yes,Yes,,90,90,D11
5/7/2009 8:00:00 AM,553,Major Arterial,Toronto and East York,43.663645,-79.46379,At Intersection,Traffic Signal,Rain,Dawn,Wet,Non-Fatal Injury,Angle,Driver,25 to 29,West,"Automobile, Station Wagon",Going Ahead,Disobeyed Traffic Control,"Ability Impaired, Alcohol Over .08",,,,,Yes,,,,,,Yes,Yes,Yes,,90,90,D11
5/7/2009 8:00:00 AM,553,Major Arterial,Toronto and East York,43.663645,-79.46379,At Intersection,Traffic Signal,Rain,Dawn,Wet,Non-Fatal Injury,Angle,Other Property Owner,unknown,,Other,,,,,,,,Yes,,,,,,Yes,Yes,Yes,,90,90,D11
5/9/2009 8:00:00 AM,1340,Major Arterial,Toronto and East York,43.651845,-79.38169,At Intersection,Traffic Signal,Rain,Daylight,Wet,Non-Fatal Injury,Pedestrian Collisions,Pedestrian,60 to 64,South,Other,,,,Inattentive,,Yes,,Yes,,,,,,,,,,170,76,D52
6/22/2009 8:00:00 AM,0,,Etobicoke York,43.618045,-79.52479,,No Control,Clear,Daylight,Dry,Non-Fatal Injury,Sideswipe,Driver,40 to 44,East,"Automobile, Station Wagon",Changing Lanes,Improper Lane Change,Normal,,,,,Yes,Yes,,,,Yes,Yes,,,,160,17,D22
6/2/2009 8:00:00 AM,2013,Major Arterial,Toronto and East York,43.650845,-79.38659,At Intersection,Traffic Signal,Clear,Dark,Dry,Non-Fatal Injury,Pedestrian Collisions,Driver,60 to 64,South,"Automobile, Station Wagon",Going Ahead,Driving Properly,Normal,,,Yes,,Yes,,,,Yes,,Yes,Yes,,,170,76,D52
6/2/2009 8:00:00 AM,2013,Major Arterial,Toronto and East York,43.650845,-79.38659,At Intersection,Traffic Signal,Clear,Dark,Dry,Non-Fatal Injury,Pedestrian Collisions,Passenger,15 to 19,,Other,,,,,,Yes,,Yes,,,,Yes,,Yes,Yes,,,170,76,D52
6/2/2009 8:00:00 AM,2013,Major Arterial,Toronto and East York,43.650845,-79.38659,At Intersection,Traffic Signal,Clear,Dark,Dry,Non-Fatal Injury,Pedestrian Collisions,Vehicle Owner,unknown,,Other,,,,,,Yes,,Yes,,,,Yes,,Yes,Yes,,,170,76,D52
6/2/2009 8:00:00 AM,2013,Major Arterial,Toronto and East York,43.650845,-79.38659,At Intersection,Traffic Signal,Clear,Dark,Dry,Non-Fatal Injury,Pedestrian Collisions,Driver,20 to 24,West,"Automobile, Station Wagon",Going Ahead,Disobeyed Traffic Control,Unknown,,,Yes,,Yes,,,,Yes,,Yes,Yes,,,170,76,D52
6/2/2009 8:00:00 AM,2013,Major Arterial,Toronto and East York,43.650845,-79.38659,At Intersection,Traffic Signal,Clear,Dark,Dry,Non-Fatal Injury,Pedestrian Collisions,Pedestrian,20 to 24,,Other,,,,Normal,,Yes,,Yes,,,,Yes,,Yes,Yes,,,170,76,D52
6/2/2009 8:00:00 AM,2013,Major Arterial,Toronto and East York,43.650845,-79.38659,At Intersection,Traffic Signal,Clear,Dark,Dry,Non-Fatal Injury,Pedestrian Collisions,Pedestrian,30 to 34,,Other,,,,Normal,,Yes,,Yes,,,,Yes,,Yes,Yes,,,170,76,D52
6/2/2009 8:00:00 AM,2013,Major Arterial,Toronto and East York,43.650845,-79.38659,At Intersection,Traffic Signal,Clear,Dark,Dry,Non-Fatal Injury,Pedestrian Collisions,Pedestrian,25 to 29,,Other,,,,Normal,,Yes,,Yes,,,,Yes,,Yes,Yes,,,170,76,D52
5/8/2009 8:00:00 AM,1743,Major Arterial,Toronto and East York,43.685645,-79.31279,At Intersection,Traffic Signal,Clear,Daylight,Dry,Non-Fatal Injury,SMV Other,Passenger,15 to 19,,Other,Other,,,,,,,Yes,,,,Yes,,Yes,,,,64,64,D55
5/8/2009 8:00:00 AM,1743,Major Arterial,Toronto and East York,43.685645,-79.31279,At Intersection,Traffic Signal,Clear,Daylight,Dry,Non-Fatal Injury,SMV Other,Other Property Owner,unknown,,Other,,,,,,,,Yes,,,,Yes,,Yes,,,,64,64,D55
5/13/2009 8:00:00 AM,1729,Minor Arterial,Toronto and East York,43.691845,-79.43949,,No Control,Clear,Daylight,Dry,Non-Fatal Injury,Pedestrian Collisions,Vehicle Owner,unknown,,Other,,,,,,Yes,,Yes,,,,,,,,,,107,107,D13
5/13/2009 8:00:00 AM,1729,Minor Arterial,Toronto and East York,43.691845,-79.43949,,No Control,Clear,Daylight,Dry,Non-Fatal Injury,Pedestrian Collisions,Pedestrian,35 to 39,North,Other,,,,Had Been Drinking,,Yes,,Yes,,,,,,,,,,107,107,D13
6/3/2009 8:00:00 AM,1646,,North York,43.718145,-79.44519,,No Control,Clear,Daylight,Dry,Non-Fatal Injury,Rear End,Passenger,60 to 64,,"Automobile, Station Wagon",,,,,,,,Yes,,,,Yes,,Yes,,,,31,31,D32
6/3/2009 8:00:00 AM,1646,,North York,43.718145,-79.44519,,No Control,Clear,Daylight,Dry,Non-Fatal Injury,Rear End,Driver,65 to 69,South,"Automobile, Station Wagon",Stopped,Driving Properly,Normal,,,,,Yes,,,,Yes,,Yes,,,,31,31,D32
6/4/2009 8:00:00 AM,1400,Local,Toronto and East York,43.695998,-79.354053,Non Intersection,No Control,Clear,Daylight,Dry,Non-Fatal Injury,SMV Other,Passenger,25 to 29,,,,,,,,,,Yes,,,,Yes,,,,,,57,57,D55
6/4/2009 8:00:00 AM,1400,Local,Toronto and East York,43.695998,-79.354053,Non Intersection,No Control,Clear,Daylight,Dry,Non-Fatal Injury,SMV Other,Driver,40 to 44,South,"Automobile, Station Wagon",Slowing or Stopping,Driving Properly,Normal,,,,,Yes,,,,Yes,,,,,,57,57,D55
5/15/2009 8:00:00 AM,1100,Major Arterial,Scarborough,43.768045,-79.18769,,No Control,Clear,Daylight,Dry,Non-Fatal Injury,Pedestrian Collisions,Pedestrian,60 to 64,South,Other,,,,Had Been Drinking,,Yes,,Yes,,,,,,,,,,136,136,D43
6/3/2009 8:00:00 AM,1750,Major Arterial,Etobicoke York,43.618345,-79.51129,At Intersection,Traffic Signal,Clear,Daylight,Dry,Non-Fatal Injury,Angle,Vehicle Owner,unknown,,Other,,,,,,,,Yes,,,,Yes,Yes,Yes,Yes,,,160,17,D22
6/3/2009 8:00:00 AM,1750,Major Arterial,Etobicoke York,43.618345,-79.51129,At Intersection,Traffic Signal,Clear,Daylight,Dry,Non-Fatal Injury,Angle,Passenger,0 to 4,,Other,,,,,,,,Yes,,,,Yes,Yes,Yes,Yes,,,160,17,D22
6/3/2009 8:00:00 AM,1750,Major Arterial,Etobicoke York,43.618345,-79.51129,At Intersection,Traffic Signal,Clear,Daylight,Dry,Non-Fatal Injury,Angle,Passenger,35 to 39,,Other,,,,,,,,Yes,,,,Yes,Yes,Yes,Yes,,,160,17,D22
6/3/2009 8:00:00 AM,1750,Major Arterial,Etobicoke York,43.618345,-79.51129,At Intersection,Traffic Signal,Clear,Daylight,Dry,Non-Fatal Injury,Angle,Driver,40 to 44,North,"Automobile, Station Wagon",Going Ahead,Driving Properly,Normal,,,,,Yes,,,,Yes,Yes,Yes,Yes,,,160,17,D22
6/4/2009 8:00:00 AM,2128,Major Arterial,Toronto and East York,43.648245,-79.45769,,No Control,Clear,Dark,Dry,Non-Fatal Injury,Pedestrian Collisions,Passenger,5 to 9,,Other,,,,,,Yes,,Yes,,,,Yes,,,,,,87,87,D11
6/4/2009 8:00:00 AM,2128,Major Arterial,Toronto and East York,43.648245,-79.45769,,No Control,Clear,Dark,Dry,Non-Fatal Injury,Pedestrian Collisions,Passenger,30 to 34,,Other,,,,,,Yes,,Yes,,,,Yes,,,,,,87,87,D11
6/4/2009 8:00:00 AM,2128,Major Arterial,Toronto and East York,43.648245,-79.45769,,No Control,Clear,Dark,Dry,Non-Fatal Injury,Pedestrian Collisions,Driver,30 to 34,South,"Automobile, Station Wagon",Turning Left,Lost control,Normal,,,Yes,,Yes,,,,Yes,,,,,,87,87,D11
6/4/2009 8:00:00 AM,2128,Major Arterial,Toronto and East York,43.648245,-79.45769,,No Control,Clear,Dark,Dry,Non-Fatal Injury,Pedestrian Collisions,Pedestrian,25 to 29,Unknown,Other,,,,Normal,,Yes,,Yes,,,,Yes,,,,,,87,87,D11
5/29/2009 8:00:00 AM,2110,Major Arterial,Scarborough,43.716845,-79.25989,At Intersection,Traffic Signal,Rain,Dark,Wet,Non-Fatal Injury,Pedestrian Collisions,Pedestrian,55 to 59,North,Other,,,,Had Been Drinking,,Yes,,Yes,,,,,,Yes,,,,120,120,D41
5/17/2009 8:00:00 AM,1623,Major Arterial,North York,43.751445,-79.37049,At Intersection,Traffic Signal,Clear,Daylight,Dry,Non-Fatal Injury,Turning Movement,Passenger,10 to 14,,Other,,,,,,,,Yes,,,,Yes,,,,,,42,40,D33
5/17/2009 8:00:00 AM,1623,Major Arterial,North York,43.751445,-79.37049,At Intersection,Traffic Signal,Clear,Daylight,Dry,Non-Fatal Injury,Turning Movement,Passenger,80 to 84,,Other,,,,,,,,Yes,,,,Yes,,,,,,42,40,D33
5/17/2009 8:00:00 AM,1623,Major Arterial,North York,43.751445,-79.37049,At Intersection,Traffic Signal,Clear,Daylight,Dry,Non-Fatal Injury,Turning Movement,Vehicle Owner,unknown,,Other,,,,,,,,Yes,,,,Yes,,,,,,42,40,D33
5/17/2009 8:00:00 AM,1623,Major Arterial,North York,43.751445,-79.37049,At Intersection,Traffic Signal,Clear,Daylight,Dry,Non-Fatal Injury,Turning Movement,Driver,15 to 19,West,"Automobile, Station Wagon",Turning Left,Improper Turn,Inattentive,,,,,Yes,,,,Yes,,,,,,42,40,D33
6/10/2009 8:00:00 AM,1546,Major Arterial,North York,43.699845,-79.43099,,Traffic Signal,Clear,Daylight,Dry,Non-Fatal Injury,Pedestrian Collisions,Vehicle Owner,unknown,,Other,,,,,,Yes,,Yes,,,,,,,,,,102,102,D13
6/10/2009 8:00:00 AM,1546,Major Arterial,North York,43.699845,-79.43099,,Traffic Signal,Clear,Daylight,Dry,Non-Fatal Injury,Pedestrian Collisions,Pedestrian,40 to 44,South,Other,,,,,,Yes,,Yes,,,,,,,,,,102,102,D13
5/19/2009 8:00:00 AM,1646,Minor Arterial,Scarborough,43.784545,-79.16879,At Intersection,Traffic Signal,Clear,Daylight,Dry,Non-Fatal Injury,Turning Movement,Passenger,20 to 24,,Other,,,,,,,,Yes,,,,Yes,,,,,,134,134,D43
5/19/2009 8:00:00 AM,1646,Minor Arterial,Scarborough,43.784545,-79.16879,At Intersection,Traffic Signal,Clear,Daylight,Dry,Non-Fatal Injury,Turning Movement,Driver,20 to 24,East,"Automobile, Station Wagon",Going Ahead,Driving Properly,Normal,,,,,Yes,,,,Yes,,,,,,134,134,D43
6/11/2009 8:00:00 AM,1030,Minor Arterial,Toronto and East York,43.634945,-79.47299,,No Control,Clear,Daylight,Dry,Non-Fatal Injury,Rear End,Passenger,55 to 59,,Other,,,,,,,,Yes,,,,Yes,,,,,,87,87,D11
6/11/2009 8:00:00 AM,1030,Minor Arterial,Toronto and East York,43.634945,-79.47299,,No Control,Clear,Daylight,Dry,Non-Fatal Injury,Rear End,Passenger,unknown,,Other,,,,,,,,Yes,,,,Yes,,,,,,87,87,D11
6/11/2009 8:00:00 AM,1030,Minor Arterial,Toronto and East York,43.634945,-79.47299,,No Control,Clear,Daylight,Dry,Non-Fatal Injury,Rear End,Vehicle Owner,unknown,,Other,,,,,,,,Yes,,,,Yes,,,,,,87,87,D11
6/11/2009 8:00:00 AM,1030,Minor Arterial,Toronto and East York,43.634945,-79.47299,,No Control,Clear,Daylight,Dry,Non-Fatal Injury,Rear End,Driver,50 to 54,South,"Automobile, Station Wagon",Stopped,Driving Properly,Normal,,,,,Yes,,,,Yes,,,,,,87,87,D11
6/13/2009 8:00:00 AM,852,,North York,43.703345,-79.43799,,No Control,Clear,Daylight,Dry,Non-Fatal Injury,Rear End,Driver,40 to 44,South,"Automobile, Station Wagon",Stopped,Driving Properly,Normal,,,,,Yes,,,,Yes,,Yes,,,,102,102,D13
6/13/2009 8:00:00 AM,852,,North York,43.703345,-79.43799,,No Control,Clear,Daylight,Dry,Non-Fatal Injury,Rear End,Passenger,15 to 19,,Other,,,,,,,,Yes,,,,Yes,,Yes,,,,102,102,D13
6/13/2009 8:00:00 AM,852,,North York,43.703345,-79.43799,,No Control,Clear,Daylight,Dry,Non-Fatal Injury,Rear End,Driver,65 to 69,South,"Automobile, Station Wagon",Unknown,Following too Close,Inattentive,,,,,Yes,,,,Yes,,Yes,,,,102,102,D13
6/9/2009 8:00:00 AM,1613,Major Arterial,North York,43.792245,-79.39359,At Intersection,Traffic Signal,Clear,Daylight,Dry,Non-Fatal Injury,Pedestrian Collisions,Pedestrian,60 to 64,North,Other,,,,Inattentive,,Yes,,Yes,,,,,,,,,,50,50,D32
6/9/2009 8:00:00 AM,1613,Major Arterial,North York,43.792245,-79.39359,At Intersection,Traffic Signal,Clear,Daylight,Dry,Non-Fatal Injury,Pedestrian Collisions,Vehicle Owner,unknown,,Other,,,,,,Yes,,Yes,,,,,,,,,,50,50,D32
6/14/2009 8:00:00 AM,2206,Major Arterial,Etobicoke York,43.630445,-79.48349,,No Control,Clear,Dark,Dry,Non-Fatal Injury,SMV Other,Passenger,30 to 34,,Other,,,,,,,,Yes,,,,Yes,,,,Yes,,16,16,D22
5/11/2009 8:00:00 AM,722,Minor Arterial,Toronto and East York,43.642245,-79.39569,,No Control,Clear,Daylight,Dry,Non-Fatal Injury,Pedestrian Collisions,Vehicle Owner,unknown,,Other,,,,,,Yes,,,,Yes,,,,,,,,165,77,D14
5/11/2009 8:00:00 AM,722,Minor Arterial,Toronto and East York,43.642245,-79.39569,,No Control,Clear,Daylight,Dry,Non-Fatal Injury,Pedestrian Collisions,Pedestrian,30 to 34,,Other,,,,Other,,Yes,,,,Yes,,,,,,,,165,77,D14
6/16/2020 8:00:00 AM,2107,Major Arterial,Etobicoke York,43.658034,-79.51675,Overpass or Bridge,No Control,Clear,Dark,Dry,Non-Fatal Injury,Rear End,Driver,50 to 54,West,"Automobile, Station Wagon",Going Ahead,Other,Normal,,,,,Yes,,,,,,,,,Yes,15,15,D22
6/18/2009 8:00:00 AM,2213,Major Arterial,Etobicoke York,43.674445,-79.56319,,Traffic Controller,Clear,Dark,Dry,Non-Fatal Injury,Turning Movement,Driver,20 to 24,West,"Automobile, Station Wagon",Going Ahead,Driving Properly,Normal,,,,,Yes,,,,,,Yes,,,,11,11,D22
5/21/2009 8:00:00 AM,2159,Major Arterial,Toronto and East York,43.641345,-79.41519,,No Control,Clear,Dark,Dry,Non-Fatal Injury,SMV Unattended Vehicle,Other,unknown,West,Other,Parked,,,,,,,Yes,,,,,,,,,Yes,162,82,D14
6/19/2009 8:00:00 AM,1844,Minor Arterial,Toronto and East York,43.660645,-79.36649,At Intersection,Pedestrian Crossover,Clear,Daylight,Dry,Non-Fatal Injury,Cyclist Collisions,Passenger,30 to 34,,Other,,,,,,,Yes,Yes,,,,Yes,,Yes,,,,72,72,D51
6/19/2009 8:00:00 AM,1844,Minor Arterial,Toronto and East York,43.660645,-79.36649,At Intersection,Pedestrian Crossover,Clear,Daylight,Dry,Non-Fatal Injury,Cyclist Collisions,Cyclist,5 to 9,West,Bicycle,Going Ahead,,,,Other,,Yes,Yes,,,,Yes,,Yes,,,,72,72,D51
6/21/2009 8:00:00 AM,1600,Major Arterial,Scarborough,43.687745,-79.27089,At Intersection,Traffic Signal,Clear,Daylight,Dry,Non-Fatal Injury,Cyclist Collisions,Cyclist,45 to 49,South,Bicycle,Turning Right,,,,Driving Properly,,Yes,Yes,,,,,,Yes,,,,122,122,D41
6/22/2009 8:00:00 AM,802,Local,Scarborough,43.746045,-79.30139,,No Control,Clear,Daylight,Dry,Non-Fatal Injury,Rear End,Passenger,0 to 4,,Other,,,,,,,,Yes,,,,Yes,,Yes,,,,119,119,D41
6/22/2009 8:00:00 AM,802,Local,Scarborough,43.746045,-79.30139,,No Control,Clear,Daylight,Dry,Non-Fatal Injury,Rear End,Vehicle Owner,unknown,,Other,,,,,,,,Yes,,,,Yes,,Yes,,,,119,119,D41
6/22/2009 8:00:00 AM,2350,,Toronto and East York,43.634945,-79.42139,,No Control,Clear,Dark,Dry,Non-Fatal Injury,Rear End,Vehicle Owner,unknown,,"Automobile, Station Wagon",,,,,,,,Yes,,,,,,Yes,,,,163,82,D14
6/22/2009 8:00:00 AM,2350,,Toronto and East York,43.634945,-79.42139,,No Control,Clear,Dark,Dry,Non-Fatal Injury,Rear End,Driver,35 to 39,West,"Automobile, Station Wagon",Going Ahead,Following too Close,Unknown,,,,,Yes,,,,,,Yes,,,,163,82,D14
6/22/2009 8:00:00 AM,2350,,Toronto and East York,43.634945,-79.42139,,No Control,Clear,Dark,Dry,Non-Fatal Injury,Rear End,Driver,25 to 29,West,"Automobile, Station Wagon",Stopped,Driving Properly,Normal,,,,,Yes,,,,,,Yes,,,,163,82,D14
5/22/2009 8:00:00 AM,1845,Major Arterial,Etobicoke York,43.676145,-79.49569,At Intersection,Traffic Signal,Clear,Daylight,Dry,Non-Fatal Injury,Rear End,Vehicle Owner,unknown,,Other,,,,,,,,Yes,,,,Yes,,Yes,,,,111,111,D12
5/22/2009 8:00:00 AM,1845,Major Arterial,Etobicoke York,43.676145,-79.49569,At Intersection,Traffic Signal,Clear,Daylight,Dry,Non-Fatal Injury,Rear End,Driver,65 to 69,North,"Automobile, Station Wagon",Stopped,Driving Properly,Normal,,,,,Yes,,,,Yes,,Yes,,,,111,111,D12
5/22/2009 8:00:00 AM,1845,Major Arterial,Etobicoke York,43.676145,-79.49569,At Intersection,Traffic Signal,Clear,Daylight,Dry,Non-Fatal Injury,Rear End,Passenger,45 to 49,,Other,,,,,,,,Yes,,,,Yes,,Yes,,,,111,111,D12
5/22/2009 8:00:00 AM,1845,Major Arterial,Etobicoke York,43.676145,-79.49569,At Intersection,Traffic Signal,Clear,Daylight,Dry,Non-Fatal Injury,Rear End,Driver,50 to 54,North,"Automobile, Station Wagon",Going Ahead,Following too Close,Inattentive,,,,,Yes,,,,Yes,,Yes,,,,111,111,D12
5/22/2009 8:00:00 AM,2135,Minor Arterial,Toronto and East York,43.659045,-79.48429,,No Control,Clear,Dark,Dry,Non-Fatal Injury,Cyclist Collisions,Cyclist,15 to 19,East,Bicycle,Turning Left,,,,Other,,Yes,Yes,,,,,,Yes,,,,89,89,D11
6/11/2009 8:00:00 AM,835,Minor Arterial,Toronto and East York,43.646545,-79.38299,At Intersection,Traffic Signal,Clear,Daylight,Dry,Non-Fatal Injury,Cyclist Collisions,Cyclist,40 to 44,West,Bicycle,Slowing or Stopping,,,,Lost control,,Yes,Yes,,,,,,,,,,170,76,D52
6/24/2009 8:00:00 AM,2144,,North York,43.705745,-79.43909,,No Control,Clear,Dark,Dry,Non-Fatal Injury,Rear End,Driver,25 to 29,South,"Automobile, Station Wagon",Going Ahead,Following too Close,Normal,,,,,Yes,Yes,,,,,Yes,,,,31,31,D13