DATE,TIME,ROAD_CLASS,DISTRICT,LATITUDE,LONGITUDE,ACCLOC,TRAFFCTL,VISIBILITY,LIGHT,RDSFCOND,ACCLASS,IMPACTYPE,INVTYPE,INVAGE,INITDIR,VEHTYPE,MANOEUVER,DRIVACT,DRIVCOND,PEDCOND,CYCACT,PEDESTRIAN,CYCLIST,AUTOMOBILE,MOTORCYCLE,TRUCK,TRSN_CITY_VEH,PASSENGER,SPEEDING,AG_DRIV,REDLIGHT,ALCOHOL,DISABILITY,HOOD_158,HOOD_140,DIVISION
1/5/2010 10:00:00 AM,2044,Major Arterial,Toronto and East York,43.690345,-79.38329,At Intersection,No Control,Clear,Dark,Wet,Non-Fatal Injury,Turning Movement,Driver,50 to 54,North,"Automobile, Station Wagon",Stopped,Driving Properly,Normal,,,,,Yes,,,,,,,,,Yes,98,98,D53
12/9/2009 10:00:00 AM,1754,Local,Etobicoke York,43.717945,-79.55859,At Intersection,No Control,Clear,Dark,Wet,Non-Fatal Injury,Pedestrian Collisions,Pedestrian,25 to 29,East,Other,,,,Normal,,Yes,,Yes,,,,,,,,,,4,4,D23
12/10/2009 10:00:00 AM,617,Major Arterial,Toronto and East York,43.661145,-79.39009,,No Control,Snow,Dark,Ice,Non-Fatal Injury,SMV Other,Passenger,40 to 44,,Other,,,,,,,,Yes,,,,Yes,Yes,Yes,,,,169,76,D52
12/10/2009 10:00:00 AM,617,Major Arterial,Toronto and East York,43.661145,-79.39009,,No Control,Snow,Dark,Ice,Non-Fatal Injury,SMV Other,Vehicle Owner,unknown,,Other,,,,,,,,Yes,,,,Yes,Yes,Yes,,,,169,76,D52
12/10/2009 10:00:00 AM,617,Major Arterial,Toronto and East York,43.661145,-79.39009,,No Control,Snow,Dark,Ice,Non-Fatal Injury,SMV Other,Other Property Owner,unknown,,Other,,,,,,,,Yes,,,,Yes,Yes,Yes,,,,169,76,D52
1/9/2010 10:00:00 AM,1119,Minor Arterial,North York,43.707145,-79.44309,,Pedestrian Crossover,Clear,Daylight,Other,Non-Fatal Injury,Pedestrian Collisions,Pedestrian,90 to 94,East,Other,,,,Unknown,,Yes,,Yes,,,,,,Yes,,,,31,31,D13
1/9/2010 10:00:00 AM,1012,Major Arterial,Toronto and East York,43.689345,-79.29679,At Intersection,Traffic Signal,Clear,Daylight,Dry,Non-Fatal Injury,Pedestrian Collisions,Vehicle Owner,unknown,,Other,,,,,,Yes,,Yes,,,,,,Yes,,,,62,62,D55
1/9/2010 10:00:00 AM,1012,Major Arterial,Toronto and East York,43.689345,-79.29679,At Intersection,Traffic Signal,Clear,Daylight,Dry,Non-Fatal Injury,Pedestrian Collisions,Pedestrian,80 to 84,North,Other,,,,Normal,,Yes,,Yes,,,,,,Yes,,,,62,62,D55
1/9/2010 10:00:00 AM,2308,Major Arterial,Toronto and East York,43.669963,-79.379894,At Intersection,Traffic Signal,Clear,"Dark, artificial",Wet,Non-Fatal Injury,Sideswipe,Passenger,20 to 24,,Other,,,,,,,,Yes,,,,Yes,Yes,Yes,,,,74,74,D51
1/9/2010 10:00:00 AM,2308,Major Arterial,Toronto and East York,43.669963,-79.379894,At Intersection,Traffic Signal,Clear,"Dark, artificial",Wet,Non-Fatal Injury,Sideswipe,Passenger,25 to 29,,Other,,,,,,,,Yes,,,,Yes,Yes,Yes,,,,74,74,D51
1/9/2010 10:00:00 AM,2308,Major Arterial,Toronto and East York,43.669963,-79.379894,At Intersection,Traffic Signal,Clear,"Dark, artificial",Wet,Non-Fatal Injury,Sideswipe,Driver,45 to 49,South,"Automobile, Station Wagon",Stopped,Driving Properly,Normal,,,,,Yes,,,,Yes,Yes,Yes,,,,74,74,D51
12/14/2009 10:00:00 AM,1618,Minor Arterial,Toronto and East York,43.668745,-79.33759,At Intersection,Traffic Signal,Rain,Daylight,Wet,Non-Fatal Injury,Pedestrian Collisions,Vehicle Owner,unknown,,Other,,,,,,Yes,,Yes,,,,,,,,,,70,70,D55
12/14/2009 10:00:00 AM,1618,Minor Arterial,Toronto and East York,43.668745,-79.33759,At Intersection,Traffic Signal,Rain,Daylight,Wet,Non-Fatal Injury,Pedestrian Collisions,Pedestrian,40 to 44,South,Other,,,,Inattentive,,Yes,,Yes,,,,,,,,,,70,70,D55
12/14/2009 10:00:00 AM,1724,Major Arterial,North York,43.780445,-79.41229,At Intersection,Traffic Signal,Rain,Daylight,Wet,Non-Fatal Injury,Pedestrian Collisions,Pedestrian,50 to 54,East,Other,,,,Normal,,Yes,,Yes,,,,,,Yes,,,,152,51,D32
12/8/2009 10:00:00 AM,1732,Major Arterial,Scarborough,43.783445,-79.26639,At Intersection,Traffic Signal,Clear,Dark,Dry,Non-Fatal Injury,Turning Movement,Passenger,40 to 44,,Other,,,,,,,,Yes,,,,Yes,,,,,,128,128,D42
12/8/2009 10:00:00 AM,1732,Major Arterial,Scarborough,43.783445,-79.26639,At Intersection,Traffic Signal,Clear,Dark,Dry,Non-Fatal Injury,Turning Movement,Driver,45 to 49,West,"Automobile, Station Wagon",Turning Left,Improper Turn,Normal,,,,,Yes,,,,Yes,,,,,,128,128,D42
1/13/2010 10:00:00 AM,1224,Minor Arterial,Toronto and East York,43.653945,-79.35849,At Intersection,Traffic Signal,Clear,Daylight,Dry,Non-Fatal Injury,Angle,Vehicle Owner,unknown,,Other,,,,,,,,Yes,,,,Yes,,Yes,Yes,,,73,73,D51
1/13/2010 10:00:00 AM,1224,Minor Arterial,Toronto and East York,43.653945,-79.35849,At Intersection,Traffic Signal,Clear,Daylight,Dry,Non-Fatal Injury,Angle,Driver,20 to 24,South,"Automobile, Station Wagon",Going Ahead,Driving Properly,Normal,,,,,Yes,,,,Yes,,Yes,Yes,,,73,73,D51
1/13/2010 10:00:00 AM,1224,Minor Arterial,Toronto and East York,43.653945,-79.35849,At Intersection,Traffic Signal,Clear,Daylight,Dry,Non-Fatal Injury,Angle,Passenger,25 to 29,,Other,,,,,,,,Yes,,,,Yes,,Yes,Yes,,,73,73,D51
12/28/2009 10:00:00 AM,2317,Major Arterial,Scarborough,43.797445,-79.31229,At Intersection,Traffic Signal,Clear,Dark,Wet,Non-Fatal Injury,Pedestrian Collisions,Pedestrian,50 to 54,North,Other,,,,Normal,,Yes,,Yes,,,,,,Yes,,,,148,117,D42
1/15/2010 10:00:00 AM,655,Major Arterial,Etobicoke York,43.744945,-79.58289,,No Control,Clear,Dusk,Wet,Non-Fatal Injury,Pedestrian Collisions,Vehicle Owner,unknown,,Other,,,,,,Yes,,Yes,,,,,,,,,,2,2,D23
1/15/2010 10:00:00 AM,655,Major Arterial,Etobicoke York,43.744945,-79.58289,,No Control,Clear,Dusk,Wet,Non-Fatal Injury,Pedestrian Collisions,Pedestrian,75 to 79,West,Other,,,,Unknown,,Yes,,Yes,,,,,,,,,,2,2,D23
12/15/2009 10:00:00 AM,745,Major Arterial,Scarborough,43.797045,-79.28339,At Intersection,Traffic Signal,Clear,Daylight,Wet,Non-Fatal Injury,Turning Movement,Driver,40 to 44,North,"Automobile, Station Wagon",Turning Left,Improper Turn,Inattentive,,,,,Yes,,,,,,,,,,128,128,D42
12/17/2009 10:00:00 AM,2100,Minor Arterial,Toronto and East York,43.667845,-79.40429,,No Control,Clear,Dark,Dry,Non-Fatal Injury,Pedestrian Collisions,Pedestrian,20 to 24,East,Other,,,,Medical or Physical Disability,,Yes,,Yes,,,,,,,,,,95,95,D53
12/19/2009 10:00:00 AM,2120,Major Arterial,Scarborough,43.803745,-79.28629,At Intersection,Traffic Signal,Clear,Dark,Dry,Non-Fatal Injury,Pedestrian Collisions,Vehicle Owner,unknown,,Other,,,,,,Yes,,Yes,,,,,,Yes,,,,128,128,D42
12/19/2009 10:00:00 AM,2120,Major Arterial,Scarborough,43.803745,-79.28629,At Intersection,Traffic Signal,Clear,Dark,Dry,Non-Fatal Injury,Pedestrian Collisions,Pedestrian,45 to 49,South,Other,,,,Normal,,Yes,,Yes,,,,,,Yes,,,,128,128,D42
1/18/2010 10:00:00 AM,1339,Major Arterial,Scarborough,43.804745,-79.28149,At Intersection,No Control,Clear,Daylight,Dry,Non-Fatal Injury,SMV Other,Vehicle Owner,unknown,,Other,,,,,,,,Yes,,,,,,,,,Yes,129,129,D42
1/18/2010 10:00:00 AM,1339,Major Arterial,Scarborough,43.804745,-79.28149,At Intersection,No Control,Clear,Daylight,Dry,Non-Fatal Injury,SMV Other,Other Property Owner,unknown,,Other,,,,,,,,Yes,,,,,,,,,Yes,129,129,D42
12/21/2009 10:00:00 AM,1933,Collector,Scarborough,43.746245,-79.19879,At Intersection,No Control,Clear,Dark,Dry,Non-Fatal Injury,Pedestrian Collisions,Pedestrian,65 to 69,South,Other,,,,Normal,,Yes,,Yes,,,,,,Yes,,Yes,,140,140,D43
12/25/2009 10:00:00 AM,1845,Major Arterial,North York,43.719245,-79.42979,At Intersection,Traffic Signal,Rain,Dark,Wet,Non-Fatal Injury,Pedestrian Collisions,Pedestrian,55 to 59,South,Other,,,,Normal,,Yes,,Yes,,,,,,Yes,,,,39,39,D53
12/25/2009 10:00:00 AM,1845,Major Arterial,North York,43.719245,-79.42979,At Intersection,Traffic Signal,Rain,Dark,Wet,Non-Fatal Injury,Pedestrian Collisions,Pedestrian,30 to 34,South,Other,,,,Normal,,Yes,,Yes,,,,,,Yes,,,,39,39,D53
12/22/2009 10:00:00 AM,1525,Major Arterial,Etobicoke York,43.645245,-79.53199,At Intersection,Traffic Signal,Clear,Daylight,Dry,Non-Fatal Injury,Pedestrian Collisions,Vehicle Owner,unknown,,Other,,,,,,Yes,,Yes,,,,,,Yes,Yes,,,158,14,D22
12/22/2009 10:00:00 AM,1525,Major Arterial,Etobicoke York,43.645245,-79.53199,At Intersection,Traffic Signal,Clear,Daylight,Dry,Non-Fatal Injury,Pedestrian Collisions,Pedestrian,20 to 24,Unknown,Other,,,,Normal,,Yes,,Yes,,,,,,Yes,Yes,,,158,14,D22
1/19/2010 10:00:00 AM,1150,Local,Toronto and East York,43.678345,-79.44539,,No Control,Clear,Daylight,Dry,Non-Fatal Injury,Pedestrian Collisions,Vehicle Owner,unknown,,Other,,,,,,Yes,,Yes,,,,,,,,,,92,92,D13
1/19/2010 10:00:00 AM,1150,Local,Toronto and East York,43.678345,-79.44539,,No Control,Clear,Daylight,Dry,Non-Fatal Injury,Pedestrian Collisions,Pedestrian,70 to 74,West,Other,,,,Normal,,Yes,,Yes,,,,,,,,,,92,92,D13
1/24/2010 10:00:00 AM,1503,Major Arterial,Toronto and East York,43.680545,-79.43129,,No Control,Rain,Daylight,Wet,Non-Fatal Injury,Turning Movement,Vehicle Owner,unknown,,Other,,,,,,,,Yes,,,Yes,,,Yes,,,,94,94,D13
1/24/2010 10:00:00 AM,1503,Major Arterial,Toronto and East York,43.680545,-79.43129,,No Control,Rain,Daylight,Wet,Non-Fatal Injury,Turning Movement,Driver,35 to 39,West,"Automobile, Station Wagon",Turning Left,Disobeyed Traffic Control,Fatigue,,,,,Yes,,,Yes,,,Yes,,,,94,94,D13
1/24/2010 10:00:00 AM,1741,Major Arterial,Etobicoke York,43.686745,-79.59559,At Intersection,Traffic Signal,Rain,Dark,Wet,Non-Fatal Injury,Pedestrian Collisions,Pedestrian,45 to 49,West,Other,,,,Normal,,Yes,,Yes,,,,,,Yes,,,,1,1,D23
12/31/2009 10:00:00 AM,322,Collector,Scarborough,43.811645,-79.15649,,No Control,Snow,Dark,Wet,Non-Fatal Injury,SMV Other,Passenger,45 to 49,,Other,,,,,,,,Yes,,,,Yes,Yes,Yes,,Yes,,144,131,D42
12/31/2009 10:00:00 AM,322,Collector,Scarborough,43.811645,-79.15649,,No Control,Snow,Dark,Wet,Non-Fatal Injury,SMV Other,Other Property Owner,unknown,,Other,,,,,,,,Yes,,,,Yes,Yes,Yes,,Yes,,144,131,D42
12/31/2009 10:00:00 AM,1947,Major Arterial,Etobicoke York,43.691245,-79.50089,At Intersection,Traffic Signal,Rain,Dark,Wet,Non-Fatal Injury,Pedestrian Collisions,Vehicle Owner,unknown,,Other,,,,,,Yes,,Yes,,,,,,Yes,,,,115,115,D12
12/31/2009 10:00:00 AM,1947,Major Arterial,Etobicoke York,43.691245,-79.50089,At Intersection,Traffic Signal,Rain,Dark,Wet,Non-Fatal Injury,Pedestrian Collisions,Pedestrian,40 to 44,North,Other,,,,Normal,,Yes,,Yes,,,,,,Yes,,,,115,115,D12
1/1/2010 10:00:00 AM,350,Major Arterial,Toronto and East York,43.661245,-79.40139,At Intersection,Traffic Signal,Clear,Dark,Wet,Non-Fatal Injury,Sideswipe,Passenger,20 to 24,,Other,,,,,,,,Yes,,,,Yes,,,,,,79,79,D14
1/1/2010 10:00:00 AM,350,Major Arterial,Toronto and East York,43.661245,-79.40139,At Intersection,Traffic Signal,Clear,Dark,Wet,Non-Fatal Injury,Sideswipe,Vehicle Owner,unknown,,Other,,,,,,,,Yes,,,,Yes,,,,,,79,79,D14
1/1/2010 10:00:00 AM,350,Major Arterial,Toronto and East York,43.661245,-79.40139,At Intersection,Traffic Signal,Clear,Dark,Wet,Non-Fatal Injury,Sideswipe,Driver,40 to 44,North,"Automobile, Station Wagon",Going Ahead,Driving Properly,Normal,,,,,Yes,,,,Yes,,,,,,79,79,D14
1/1/2010 10:00:00 AM,350,Major Arterial,Toronto and East York,43.661245,-79.40139,At Intersection,Traffic Signal,Clear,Dark,Wet,Non-Fatal Injury,Sideswipe,Other Property Owner,unknown,,Other,,,,,,,,Yes,,,,Yes,,,,,,79,79,D14
1/3/2010 10:00:00 AM,1250,Major Arterial,Scarborough,43.825545,-79.27529,,No Control,Snow,Daylight,Loose Snow,Non-Fatal Injury,Approaching,Vehicle Owner,unknown,,Other,,,,,,,,Yes,,,,Yes,,,,,,130,130,D42
1/3/2010 10:00:00 AM,1250,Major Arterial,Scarborough,43.825545,-79.27529,,No Control,Snow,Daylight,Loose Snow,Non-Fatal Injury,Approaching,Passenger,70 to 74,,Other,,,,,,,,Yes,,,,Yes,,,,,,130,130,D42
1/3/2010 10:00:00 AM,1250,Major Arterial,Scarborough,43.825545,-79.27529,,No Control,Snow,Daylight,Loose Snow,Non-Fatal Injury,Approaching,Driver,70 to 74,North,"Automobile, Station Wagon",Going Ahead,Driving Properly,Normal,,,,,Yes,,,,Yes,,,,,,130,130,D42
1/3/2010 10:00:00 AM,1250,Major Arterial,Scarborough,43.825545,-79.27529,,No Control,Snow,Daylight,Loose Snow,Non-Fatal Injury,Approaching,Passenger,60 to 64,,Other,,,,,,,,Yes,,,,Yes,,,,,,130,130,D42
1/3/2010 10:00:00 AM,1250,Major Arterial,Scarborough,43.825545,-79.27529,,No Control,Snow,Daylight,Loose Snow,Non-Fatal Injury,Approaching,Driver,65 to 69,South,"Automobile, Station Wagon",Going Ahead,Lost control,Normal,,,,,Yes,,,,Yes,,,,,,130,130,D42
1/3/2010 10:00:00 AM,1250,Major Arterial,Scarborough,43.825545,-79.27529,,No Control,Snow,Daylight,Loose Snow,Non-Fatal Injury,Approaching,Other Property Owner,unknown,,Other,,,,,,,,Yes,,,,Yes,,,,,,130,130,D42
1/7/2010 10:00:00 AM,2108,Major Arterial,Scarborough,43.749545,-79.24449,,No Control,Clear,Dark,Dry,Non-Fatal Injury,Cyclist Collisions,Vehicle Owner,unknown,,Other,,,,,,,Yes,Yes,,,,,,Yes,,,,157,127,D43
1/7/2010 10:00:00 AM,2108,Major Arterial,Scarborough,43.749545,-79.24449,,No Control,Clear,Dark,Dry,Non-Fatal Injury,Cyclist Collisions,Cyclist,40 to 44,North,Bicycle,Going Ahead,,,,Driving Properly,,Yes,Yes,,,,,,Yes,,,,157,127,D43
1/29/2010 10:00:00 AM,1635,Collector,Scarborough,43.776645,-79.18059,,No Control,Clear,Dusk,Dry,Non-Fatal Injury,Rear End,Driver,80 to 84,South,"Automobile, Station Wagon",Going Ahead,Lost control,Normal,,,,,Yes,,,,,,,,,,136,136,D43
1/29/2010 10:00:00 AM,1636,Collector,Scarborough,43.776545,-79.18069,,No Control,Clear,Dusk,Dry,Non-Fatal Injury,Rear End,Driver,45 to 49,South,"Automobile, Station Wagon",Stopped,Driving Properly,Normal,,,,,Yes,,,,,,,,,,136,136,D43
1/30/2010 10:00:00 AM,1629,Major Arterial,Toronto and East York,43.664345,-79.41489,At Intersection,Stop Sign,Clear,Daylight,Dry,Non-Fatal Injury,Pedestrian Collisions,Pedestrian,65 to 69,Unknown,Other,,,,Normal,,Yes,,Yes,,,,,,,,,,95,95,D14
1/6/2010 10:00:00 AM,257,Major Arterial,North York,43.716245,-79.44369,,No Control,Clear,Dark,Dry,Non-Fatal Injury,Pedestrian Collisions,Pedestrian,40 to 44,Unknown,Other,,,,Inattentive,,Yes,,,,,,,,,,,,32,32,D32
1/8/2010 10:00:00 AM,302,Major Arterial,Toronto and East York,43.654745,-79.38829,,No Control,Clear,Dark,Wet,Non-Fatal Injury,Pedestrian Collisions,Pedestrian,60 to 64,East,Other,Going Ahead,,,Inattentive,,Yes,,Yes,,,,,,,,,,170,76,D52
1/10/2010 10:00:00 AM,933,Collector,North York,43.750445,-79.49419,At Intersection,Stop Sign,Clear,Daylight,Dry,Non-Fatal Injury,Pedestrian Collisions,Pedestrian,65 to 69,East,Other,,,,Normal,,Yes,,,,Yes,,,,Yes,,,,27,27,D31
1/12/2010 10:00:00 AM,1153,Major Arterial,Scarborough,43.743945,-79.21559,At Intersection,Traffic Signal,Clear,Daylight,Dry,Non-Fatal Injury,Pedestrian Collisions,Passenger,20 to 24,,Other,,,,,,Yes,,Yes,,,,Yes,,Yes,,,,139,139,D43
1/12/2010 10:00:00 AM,1153,Major Arterial,Scarborough,43.743945,-79.21559,At Intersection,Traffic Signal,Clear,Daylight,Dry,Non-Fatal Injury,Pedestrian Collisions,Driver,50 to 54,East,"Automobile, Station Wagon",Turning Left,Failed to Yield Right of Way,Inattentive,,,Yes,,Yes,,,,Yes,,Yes,,,,139,139,D43
1/12/2010 10:00:00 AM,1153,Major Arterial,Scarborough,43.743945,-79.21559,At Intersection,Traffic Signal,Clear,Daylight,Dry,Non-Fatal Injury,Pedestrian Collisions,Other Property Owner,unknown,,Other,,,,,,Yes,,Yes,,,,Yes,,Yes,,,,139,139,D43
1/12/2010 10:00:00 AM,1153,Major Arterial,Scarborough,43.743945,-79.21559,At Intersection,Traffic Signal,Clear,Daylight,Dry,Non-Fatal Injury,Pedestrian Collisions,Pedestrian,60 to 64,West,Other,,,,Normal,,Yes,,Yes,,,,Yes,,Yes,,,,139,139,D43
1/12/2010 10:00:00 AM,1401,Major Arterial,Etobicoke York,43.699545,-79.50289,At Intersection,Traffic Signal,Clear,Daylight,Dry,Non-Fatal Injury,Pedestrian Collisions,Vehicle Owner,unknown,,Other,,,,,,Yes,,Yes,,,,,,Yes,,,,30,30,D12
1/12/2010 10:00:00 AM,1401,Major Arterial,Etobicoke York,43.699545,-79.50289,At Intersection,Traffic Signal,Clear,Daylight,Dry,Non-Fatal Injury,Pedestrian Collisions,Pedestrian,50 to 54,East,Other,,,,Normal,,Yes,,Yes,,,,,,Yes,,,,30,30,D12
1/14/2010 10:00:00 AM,2150,Major Arterial,North York,43.775145,-79.34699,At Intersection,Traffic Signal,Clear,Dark,Wet,Non-Fatal Injury,Angle,Passenger,20 to 24,,Other,,,,,,,,Yes,,,,Yes,Yes,Yes,,,,47,47,D33
1/14/2010 10:00:00 AM,2150,Major Arterial,North York,43.775145,-79.34699,At Intersection,Traffic Signal,Clear,Dark,Wet,Non-Fatal Injury,Angle,Vehicle Owner,unknown,,Other,,,,,,,,Yes,,,,Yes,Yes,Yes,,,,47,47,D33
1/14/2010 10:00:00 AM,2150,Major Arterial,North York,43.775145,-79.34699,At Intersection,Traffic Signal,Clear,Dark,Wet,Non-Fatal Injury,Angle,Driver,25 to 29,North,"Automobile, Station Wagon",Going Ahead,Failed to Yield Right of Way,Inattentive,,,,,Yes,,,,Yes,Yes,Yes,,,,47,47,D33
1/14/2010 10:00:00 AM,1743,Collector,Scarborough,43.819945,-79.29809,At Intersection,Traffic Signal,Clear,Dark,Wet,Non-Fatal Injury,Pedestrian Collisions,Vehicle Owner,unknown,,Other,,,,,,Yes,,Yes,,,,,,Yes,,,,130,130,D42
1/14/2010 10:00:00 AM,1743,Collector,Scarborough,43.819945,-79.29809,At Intersection,Traffic Signal,Clear,Dark,Wet,Non-Fatal Injury,Pedestrian Collisions,Pedestrian,25 to 29,East,Other,,,,Normal,,Yes,,Yes,,,,,,Yes,,,,130,130,D42
2/12/2010 10:00:00 AM,2303,Major Arterial,North York,43.758445,-79.42459,At Intersection,No Control,Clear,Dark,Dry,Non-Fatal Injury,Pedestrian Collisions,Vehicle Owner,unknown,,Other,,,,,,Yes,,Yes,,,,,,Yes,,,,38,38,D32
2/12/2010 10:00:00 AM,2303,Major Arterial,North York,43.758445,-79.42459,At Intersection,No Control,Clear,Dark,Dry,Non-Fatal Injury,Pedestrian Collisions,Pedestrian,55 to 59,West,Other,,,,Had Been Drinking,,Yes,,Yes,,,,,,Yes,,,,38,38,D32
2/13/2010 10:00:00 AM,144,Major Arterial,Etobicoke York,43.638145,-79.55149,,Stop Sign,Clear,Dark,Dry,Non-Fatal Injury,Angle,Vehicle Owner,unknown,,Other,,,,,,,,Yes,Yes,,,,,Yes,,,,158,14,D22
2/13/2010 10:00:00 AM,144,Major Arterial,Etobicoke York,43.638145,-79.55149,,Stop Sign,Clear,Dark,Dry,Non-Fatal Injury,Angle,Motorcycle Driver,15 to 19,South,Motorcycle,Going Ahead,Disobeyed Traffic Control,Had Been Drinking,,,,,Yes,Yes,,,,,Yes,,,,158,14,D22
1/25/2010 10:00:00 AM,1845,Major Arterial,Etobicoke York,43.748545,-79.55879,At Intersection,No Control,Clear,Dusk,Wet,Non-Fatal Injury,Pedestrian Collisions,Pedestrian,50 to 54,East,Other,,,,Normal,,Yes,,Yes,,,,,,Yes,,,,22,22,D31
6/23/2020 8:00:00 AM,611,Major Arterial,North York,43.724314,-79.405566,At Intersection,Traffic Signal,Clear,Daylight,Dry,Non-Fatal Injury,Cyclist Collisions,Cyclist,20 to 24,North,Bicycle,Going Ahead,,,,Disobeyed Traffic Control,,Yes,Yes,,,,,,,,,,103,103,D53
2/17/2010 10:00:00 AM,833,Major Arterial,North York,43.711045,-79.37719,At Intersection,Traffic Signal,Snow,Daylight,Wet,Non-Fatal Injury,Pedestrian Collisions,Pedestrian,50 to 54,South,Other,,,,Normal,,Yes,,Yes,,,,,,Yes,Yes,,,99,99,D53
2/17/2010 10:00:00 AM,833,Major Arterial,North York,43.711045,-79.37719,At Intersection,Traffic Signal,Snow,Daylight,Wet,Non-Fatal Injury,Pedestrian Collisions,Pedestrian,60 to 64,South,Other,,,,Normal,,Yes,,Yes,,,,,,Yes,Yes,,,99,99,D53
2/18/2010 10:00:00 AM,1108,Local,Etobicoke York,43.723545,-79.52129,,No Control,Clear,Daylight,Dry,Non-Fatal Injury,SMV Other,Other Property Owner,unknown,,Other,,,,,,,,Yes,,,,,,,,,,154,26,D31
6/23/2020 8:00:00 AM,752,Minor Arterial,North York,43.652495,-79.432521,At Intersection,Traffic Signal,Clear,Daylight,Dry,Non-Fatal Injury,Angle,Truck Driver,35 to 39,North,"Truck - Closed (Blazer, etc)",Going Ahead,Driving Properly,Normal,,,,,Yes,,Yes,,Yes,,,,,,84,84,D14
6/23/2020 8:00:00 AM,752,Minor Arterial,North York,43.652495,-79.432521,At Intersection,Traffic Signal,Clear,Daylight,Dry,Non-Fatal Injury,Angle,Passenger,30 to 34,,,,,,,,,,Yes,,Yes,,Yes,,,,,,84,84,D14
2/4/2010 10:00:00 AM,1546,Major Arterial,Etobicoke York,43.739045,-79.51449,At Intersection,No Control,Clear,Daylight,Dry,Non-Fatal Injury,Pedestrian Collisions,Pedestrian,70 to 74,South,Other,,,,Normal,,Yes,,Yes,,,,,,Yes,,,,154,26,D31
1/15/2010 10:00:00 AM,1810,Major Arterial,Etobicoke York,43.699845,-79.53429,,Traffic Signal,Clear,Dark,Dry,Non-Fatal Injury,Turning Movement,Driver,25 to 29,East,"Automobile, Station Wagon",Turning Left,Driving Properly,Normal,,,,,Yes,,,,,,Yes,,,,6,6,D23
6/2/2009 8:00:00 AM,820,Major Arterial,North York,43.704245,-79.38859,,Traffic Signal,Clear,Daylight,Dry,Non-Fatal Injury,Cyclist Collisions,Cyclist,20 to 24,West,Bicycle,Going Ahead,,,,Driving Properly,,Yes,Yes,,,,,,,,,,174,104,D53
2/27/2010 10:00:00 AM,2320,Major Arterial,Etobicoke York,43.630845,-79.48209,,Traffic Signal,Clear,Dark,Dry,Non-Fatal Injury,Pedestrian Collisions,Pedestrian,50 to 54,South,Other,,,,Inattentive,,Yes,,Yes,,,,,,,,,,16,16,D22
2/10/2010 10:00:00 AM,1522,Minor Arterial,Toronto and East York,43.670545,-79.45449,,No Control,Clear,Daylight,Dry,Non-Fatal Injury,Sideswipe,Passenger,90 to 94,,Other,,,,,,,,Yes,,,,Yes,,Yes,,,,91,91,D11
2/10/2010 10:00:00 AM,1522,Minor Arterial,Toronto and East York,43.670545,-79.45449,,No Control,Clear,Daylight,Dry,Non-Fatal Injury,Sideswipe,Vehicle Owner,unknown,,Other,,,,,,,,Yes,,,,Yes,,Yes,,,,91,91,D11
2/10/2010 10:00:00 AM,1522,Minor Arterial,Toronto and East York,43.670545,-79.45449,,No Control,Clear,Daylight,Dry,Non-Fatal Injury,Sideswipe,Driver,75 to 79,West,Other,Going Ahead,Driving Properly,Normal,,,,,Yes,,,,Yes,,Yes,,,,91,91,D11
1/22/2010 10:00:00 AM,1520,Local,Scarborough,43.779445,-79.15099,,Stop Sign,Clear,Daylight,Dry,Non-Fatal Injury,SMV Other,Other Property Owner,unknown,,Other,,,,,,,,Yes,,,,,,,,,,133,133,D43
1/24/2010 10:00:00 AM,2031,Major Arterial,Scarborough,43.811645,-79.26919,At Intersection,Traffic Signal,Rain,Daylight,Wet,Non-Fatal Injury,Angle,Passenger,35 to 39,,Other,,,,,,,,Yes,,,,Yes,,Yes,Yes,,,129,129,D42
1/24/2010 10:00:00 AM,2031,Major Arterial,Scarborough,43.811645,-79.26919,At Intersection,Traffic Signal,Rain,Daylight,Wet,Non-Fatal Injury,Angle,Vehicle Owner,unknown,,Other,,,,,,,,Yes,,,,Yes,,Yes,Yes,,,129,129,D42
1/24/2010 10:00:00 AM,2031,Major Arterial,Scarborough,43.811645,-79.26919,At Intersection,Traffic Signal,Rain,Daylight,Wet,Non-Fatal Injury,Angle,Driver,20 to 24,South,"Automobile, Station Wagon",Going Ahead,Disobeyed Traffic Control,Unknown,,,,,Yes,,,,Yes,,Yes,Yes,,,129,129,D42
1/24/2010 10:00:00 AM,2031,Major Arterial,Scarborough,43.811645,-79.26919,At Intersection,Traffic Signal,Rain,Daylight,Wet,Non-Fatal Injury,Angle,Driver,40 to 44,East,"Automobile, Station Wagon",Going Ahead,Driving Properly,Normal,,,,,Yes,,,,Yes,,Yes,Yes,,,129,129,D42
1/24/2010 10:00:00 AM,242,Major Arterial,Toronto and East York,43.656945,-79.40539,,Traffic Signal,Clear,Dark,Wet,Non-Fatal Injury,Pedestrian Collisions,Vehicle Owner,unknown,,Other,,,,,,Yes,,Yes,,,,,,,,,,78,79,D14
1/24/2010 10:00:00 AM,242,Major Arterial,Toronto and East York,43.656945,-79.40539,,Traffic Signal,Clear,Dark,Wet,Non-Fatal Injury,Pedestrian Collisions,Pedestrian,15 to 19,North,Other,,,,Had Been Drinking,,Yes,,Yes,,,,,,,,,,78,79,D14