DATE,TIME,ROAD_CLASS,DISTRICT,LATITUDE,LONGITUDE,ACCLOC,TRAFFCTL,VISIBILITY,LIGHT,RDSFCOND,ACCLASS,IMPACTYPE,INVTYPE,INVAGE,INITDIR,VEHTYPE,MANOEUVER,DRIVACT,DRIVCOND,PEDCOND,CYCACT,PEDESTRIAN,CYCLIST,AUTOMOBILE,MOTORCYCLE,TRUCK,TRSN_CITY_VEH,PASSENGER,SPEEDING,AG_DRIV,REDLIGHT,ALCOHOL,DISABILITY,HOOD_158,HOOD_140,DIVISION
6/1/2010 8:00:00 AM,143,Major Arterial,Etobicoke York,43.691545,-79.57079,At Intersection,Traffic Signal,Rain,Dark,Wet,Non-Fatal Injury,Angle,Vehicle Owner,unknown,,Other,,,,,,,,Yes,,,,,,Yes,Yes,,,1,1,D23
6/1/2010 8:00:00 AM,143,Major Arterial,Etobicoke York,43.691545,-79.57079,At Intersection,Traffic Signal,Rain,Dark,Wet,Non-Fatal Injury,Angle,Driver,60 to 64,East,"Automobile, Station Wagon",Going Ahead,Disobeyed Traffic Control,Unknown,,,,,Yes,,,,,,Yes,Yes,,,1,1,D23
7/24/2010 8:00:00 AM,1329,Major Arterial,Etobicoke York,43.691245,-79.50089,,Traffic Signal,Rain,Daylight,Wet,Non-Fatal Injury,Pedestrian Collisions,Pedestrian,10 to 14,North,Other,,,,Normal,,Yes,,Yes,,,,,,,,,,115,115,D12
7/6/2010 8:00:00 AM,1530,Major Arterial,North York,43.708845,-79.38789,At Intersection,Stop Sign,Clear,Daylight,Dry,Non-Fatal Injury,Cyclist Collisions,Cyclist,30 to 34,East,Bicycle,Slowing or Stopping,,,,Driving Properly,,Yes,Yes,,,,,,Yes,,,,99,99,D53
5/30/2010 8:00:00 AM,1410,Minor Arterial,Toronto and East York,43.688945,-79.46049,At Intersection,Traffic Signal,Clear,Daylight,Dry,Non-Fatal Injury,Pedestrian Collisions,Pedestrian,15 to 19,East,Other,,,,Normal,,Yes,,Yes,,,,,,Yes,,,,109,109,D13
6/2/2010 8:00:00 AM,1115,Major Arterial,Scarborough,43.836545,-79.25119,At Intersection,Traffic Signal,Clear,Daylight,Dry,Non-Fatal Injury,Angle,Vehicle Owner,unknown,,Other,,,,,,,,Yes,,,,,,Yes,,,,130,130,D42
6/2/2010 8:00:00 AM,1115,Major Arterial,Scarborough,43.836545,-79.25119,At Intersection,Traffic Signal,Clear,Daylight,Dry,Non-Fatal Injury,Angle,Driver,35 to 39,North,"Automobile, Station Wagon",Going Ahead,Driving Properly,Normal,,,,,Yes,,,,,,Yes,,,,130,130,D42
6/1/2010 8:00:00 AM,1750,Major Arterial,North York,43.712045,-79.41169,At Intersection,Traffic Signal,Clear,Daylight,Dry,Non-Fatal Injury,Pedestrian Collisions,Vehicle Owner,unknown,,Other,,,,,,Yes,,Yes,,,,,,Yes,,,,103,103,D53
6/1/2010 8:00:00 AM,1750,Major Arterial,North York,43.712045,-79.41169,At Intersection,Traffic Signal,Clear,Daylight,Dry,Non-Fatal Injury,Pedestrian Collisions,Driver,35 to 39,South,"Automobile, Station Wagon",Turning Right,Driving Properly,Normal,,,Yes,,Yes,,,,,,Yes,,,,103,103,D53
6/1/2010 8:00:00 AM,1750,Major Arterial,North York,43.712045,-79.41169,At Intersection,Traffic Signal,Clear,Daylight,Dry,Non-Fatal Injury,Pedestrian Collisions,Pedestrian,40 to 44,North,Other,,,,Normal,,Yes,,Yes,,,,,,Yes,,,,103,103,D53
6/1/2010 8:00:00 AM,1239,Major Arterial,Scarborough,43.784645,-79.28899,,No Control,Clear,Daylight,Dry,Non-Fatal Injury,Rear End,Passenger,75 to 79,,Other,,,,,,,,Yes,,,,Yes,Yes,Yes,,,,118,118,D42
6/1/2010 8:00:00 AM,1239,Major Arterial,Scarborough,43.784645,-79.28899,,No Control,Clear,Daylight,Dry,Non-Fatal Injury,Rear End,Driver,55 to 59,North,"Automobile, Station Wagon",Stopped,Driving Properly,Normal,,,,,Yes,,,,Yes,Yes,Yes,,,,118,118,D42
6/1/2010 8:00:00 AM,1239,Major Arterial,Scarborough,43.784645,-79.28899,,No Control,Clear,Daylight,Dry,Non-Fatal Injury,Rear End,Passenger,20 to 24,,Other,,,,,,,,Yes,,,,Yes,Yes,Yes,,,,118,118,D42
6/1/2010 8:00:00 AM,1239,Major Arterial,Scarborough,43.784645,-79.28899,,No Control,Clear,Daylight,Dry,Non-Fatal Injury,Rear End,Driver,50 to 54,North,"Automobile, Station Wagon",Stopped,Driving Properly,Normal,,,,,Yes,,,,Yes,Yes,Yes,,,,118,118,D42
6/3/2010 8:00:00 AM,1302,Local,Toronto and East York,43.685345,-79.33049,,No Control,Clear,Daylight,Dry,Non-Fatal Injury,Cyclist Collisions,Cyclist,20 to 24,West,Bicycle,Going Ahead,,,,Driving Properly,,Yes,Yes,,,,,,,,,,66,66,D55
7/16/2010 8:00:00 AM,1011,Major Arterial,Toronto and East York,43.654345,-79.398593,,Traffic Signal,Clear,Daylight,Dry,Non-Fatal Injury,Pedestrian Collisions,Pedestrian,50 to 54,West,Other,,,,Had Been Drinking,,Yes,,,,,Yes,,,,,,,78,78,D52
7/16/2010 8:00:00 AM,1011,Major Arterial,Toronto and East York,43.654345,-79.398593,,Traffic Signal,Clear,Daylight,Dry,Non-Fatal Injury,Pedestrian Collisions,Vehicle Owner,unknown,,Other,,,,,,Yes,,,,,Yes,,,,,,,78,78,D52
6/26/2020 8:00:00 AM,2213,Major Arterial,North York,43.681163,-79.333301,Non Intersection,No Control,Clear,Dark,Dry,Non-Fatal Injury,Pedestrian Collisions,Pedestrian,70 to 74,South,,,,,Normal,,Yes,,Yes,,,,,,,,,,69,69,D55
6/6/2010 8:00:00 AM,45,Major Arterial,Toronto and East York,43.637945,-79.45739,,No Control,Rain,Dark,Wet,Non-Fatal Injury,SMV Other,Passenger,15 to 19,,Other,,,,,,,,Yes,,,,Yes,,,,,,85,85,D11
6/6/2010 8:00:00 AM,45,Major Arterial,Toronto and East York,43.637945,-79.45739,,No Control,Rain,Dark,Wet,Non-Fatal Injury,SMV Other,Other Property Owner,unknown,,Other,,,,,,,,Yes,,,,Yes,,,,,,85,85,D11
6/8/2010 8:00:00 AM,908,Major Arterial,Toronto and East York,43.660145,-79.36299,,No Control,Clear,Daylight,Dry,Non-Fatal Injury,Cyclist Collisions,Cyclist,40 to 44,West,Bicycle,Going Ahead,,,,Driving Properly,,Yes,Yes,,,,,,Yes,,,,72,72,D51
6/10/2010 8:00:00 AM,1659,Major Arterial,Toronto and East York,43.648445,-79.39759,,No Control,Clear,Daylight,Dry,Non-Fatal Injury,Turning Movement,Driver,20 to 24,West,"Automobile, Station Wagon",Making U Turn,Improper Turn,Normal,,,,,Yes,Yes,,,,,,,,,164,77,D14
8/6/2010 8:00:00 AM,1931,Major Arterial,Toronto and East York,43.649845,-79.38709,At Intersection,No Control,Clear,Daylight,Dry,Non-Fatal Injury,Pedestrian Collisions,Pedestrian,35 to 39,South,Other,,,,Inattentive,,Yes,,,Yes,,,,,,,,,170,76,D52
8/6/2010 8:00:00 AM,845,Major Arterial,Scarborough,43.801445,-79.31869,At Intersection,Traffic Signal,Clear,Daylight,Dry,Non-Fatal Injury,Pedestrian Collisions,Vehicle Owner,unknown,,Other,,,,,,Yes,,,,Yes,,,,,,,,148,117,D42
8/6/2010 8:00:00 AM,845,Major Arterial,Scarborough,43.801445,-79.31869,At Intersection,Traffic Signal,Clear,Daylight,Dry,Non-Fatal Injury,Pedestrian Collisions,Pedestrian,25 to 29,West,Other,,,,Inattentive,,Yes,,,,Yes,,,,,,,,148,117,D42
6/13/2010 8:00:00 AM,2145,Major Arterial,Scarborough,43.759145,-79.30949,,No Control,Clear,Dark,Dry,Non-Fatal Injury,Turning Movement,Driver,25 to 29,West,"Automobile, Station Wagon",Going Ahead,Driving Properly,Normal,,,,,Yes,,,,,,,,,,119,119,D41
6/14/2010 8:00:00 AM,1156,Major Arterial,Scarborough,43.761845,-79.21579,At Intersection,Traffic Signal,Clear,Daylight,Dry,Non-Fatal Injury,Angle,Vehicle Owner,unknown,,Other,,,,,,,,Yes,,,,,,Yes,Yes,,,141,137,D43
6/14/2010 8:00:00 AM,1156,Major Arterial,Scarborough,43.761845,-79.21579,At Intersection,Traffic Signal,Clear,Daylight,Dry,Non-Fatal Injury,Angle,Driver,40 to 44,East,"Automobile, Station Wagon",Going Ahead,Driving Properly,Normal,,,,,Yes,,,,,,Yes,Yes,,,141,137,D43
6/10/2010 8:00:00 AM,1548,Major Arterial,Scarborough,43.800245,-79.19909,At Intersection,Traffic Signal,Clear,Daylight,Dry,Non-Fatal Injury,Pedestrian Collisions,Vehicle Owner,unknown,,Other,,,,,,Yes,,Yes,,,,,,,,,,146,132,D42
6/10/2010 8:00:00 AM,1548,Major Arterial,Scarborough,43.800245,-79.19909,At Intersection,Traffic Signal,Clear,Daylight,Dry,Non-Fatal Injury,Pedestrian Collisions,Pedestrian,30 to 34,South,Other,,,,Normal,,Yes,,Yes,,,,,,,,,,146,132,D42
6/16/2010 8:00:00 AM,1722,Collector,North York,43.703145,-79.43699,,No Control,Clear,Daylight,Dry,Non-Fatal Injury,Pedestrian Collisions,Vehicle Owner,unknown,,Other,,,,,,Yes,,Yes,,,,,,,,,,102,102,D13
6/16/2010 8:00:00 AM,1722,Collector,North York,43.703145,-79.43699,,No Control,Clear,Daylight,Dry,Non-Fatal Injury,Pedestrian Collisions,Pedestrian,35 to 39,South,Other,,,,Inattentive,,Yes,,Yes,,,,,,,,,,102,102,D13
6/18/2010 8:00:00 AM,1700,Local,Etobicoke York,43.756345,-79.59959,,No Control,Clear,Daylight,Dry,Non-Fatal Injury,Pedestrian Collisions,Pedestrian,30 to 34,Unknown,Other,,,,Unknown,,Yes,,,,,,,,,,,,2,2,D23
6/19/2010 8:00:00 AM,1600,Major Arterial,Toronto and East York,43.661045,-79.38479,,No Control,Clear,Daylight,Dry,Non-Fatal Injury,Cyclist Collisions,Cyclist,30 to 34,East,Bicycle,Going Ahead,,,,Driving Properly,,Yes,Yes,,,,,,,,,,169,76,D52
6/17/2010 8:00:00 AM,1927,Collector,Scarborough,43.761745,-79.27159,,No Control,Clear,Dark,Dry,Non-Fatal Injury,Turning Movement,Vehicle Owner,unknown,,Other,,,,,,,,,Yes,Yes,,,,Yes,,,,126,126,D41
6/17/2010 8:00:00 AM,1927,Collector,Scarborough,43.761745,-79.27159,,No Control,Clear,Dark,Dry,Non-Fatal Injury,Turning Movement,Truck Driver,25 to 29,South,Truck - Open,Turning Right,Driving Properly,Normal,,,,,,Yes,Yes,,,,Yes,,,,126,126,D41
6/19/2010 8:00:00 AM,1932,Major Arterial,Scarborough,43.719545,-79.28419,At Intersection,Stop Sign,Clear,Daylight,Dry,Non-Fatal Injury,Turning Movement,Driver,25 to 29,East,"Automobile, Station Wagon",Turning Left,Failed to Yield Right of Way,"Ability Impaired, Alcohol",,,,,Yes,Yes,,,,,Yes,,Yes,,120,120,D41
6/24/2010 8:00:00 AM,2345,Major Arterial,Etobicoke York,43.701945,-79.50829,,Traffic Signal,Clear,Dark,Dry,Non-Fatal Injury,Turning Movement,Vehicle Owner,unknown,,Other,,,,,,,,Yes,,,,Yes,,,,,,113,113,D12
6/24/2010 8:00:00 AM,2345,Major Arterial,Etobicoke York,43.701945,-79.50829,,Traffic Signal,Clear,Dark,Dry,Non-Fatal Injury,Turning Movement,Passenger,60 to 64,,Other,,,,,,,,Yes,,,,Yes,,,,,,113,113,D12
6/24/2010 8:00:00 AM,2345,Major Arterial,Etobicoke York,43.701945,-79.50829,,Traffic Signal,Clear,Dark,Dry,Non-Fatal Injury,Turning Movement,Driver,65 to 69,East,"Automobile, Station Wagon",Going Ahead,Driving Properly,Normal,,,,,Yes,,,,Yes,,,,,,113,113,D12
6/22/2010 8:00:00 AM,2126,Collector,Etobicoke York,43.753045,-79.55369,,No Control,Clear,Dark,Dry,Non-Fatal Injury,Turning Movement,Passenger,20 to 24,,Other,,,,,,,,Yes,,,,Yes,,Yes,,,,21,21,D31
6/22/2010 8:00:00 AM,2126,Collector,Etobicoke York,43.753045,-79.55369,,No Control,Clear,Dark,Dry,Non-Fatal Injury,Turning Movement,Driver,20 to 24,South,"Automobile, Station Wagon",Going Ahead,Driving Properly,Normal,,,,,Yes,,,,Yes,,Yes,,,,21,21,D31
6/22/2010 8:00:00 AM,1748,Major Arterial,Toronto and East York,43.676645,-79.44899,,No Control,Clear,Daylight,Dry,Non-Fatal Injury,Cyclist Collisions,Vehicle Owner,unknown,,Other,,,,,,,Yes,,,,Yes,,,,,,,92,92,D13
6/22/2010 8:00:00 AM,1748,Major Arterial,Toronto and East York,43.676645,-79.44899,,No Control,Clear,Daylight,Dry,Non-Fatal Injury,Cyclist Collisions,Cyclist,45 to 49,South,Bicycle,Going Ahead,,,,Failed to Yield Right of Way,,Yes,,,,Yes,,,,,,,92,92,D13
6/26/2010 8:00:00 AM,2201,Major Arterial,North York,43.707145,-79.34509,,No Control,Rain,Dark,Wet,Non-Fatal Injury,Pedestrian Collisions,Vehicle Owner,unknown,,Other,,,,,,Yes,,,,,Yes,,,,,,,55,55,D53
6/26/2010 8:00:00 AM,2201,Major Arterial,North York,43.707145,-79.34509,,No Control,Rain,Dark,Wet,Non-Fatal Injury,Pedestrian Collisions,Pedestrian,50 to 54,North,Other,,,,Had Been Drinking,,Yes,,,,,Yes,,,,,,,55,55,D53
6/28/2010 8:00:00 AM,2140,Minor Arterial,Toronto and East York,43.660645,-79.44359,At Intersection,Traffic Signal,Clear,Dark,Dry,Non-Fatal Injury,SMV Unattended Vehicle,Other,unknown,,Other,Parked,,,,,,,,Yes,,,,,,,,,171,93,D11
6/27/2010 8:00:00 AM,2050,Major Arterial,North York,43.764945,-79.44079,,No Control,Rain,Dark,Wet,Non-Fatal Injury,Approaching,Vehicle Owner,unknown,,Other,,,,,,,,Yes,,,,Yes,,Yes,,Yes,,37,37,D32
6/27/2010 8:00:00 AM,2050,Major Arterial,North York,43.764945,-79.44079,,No Control,Rain,Dark,Wet,Non-Fatal Injury,Approaching,Passenger,15 to 19,,Other,,,,,,,,Yes,,,,Yes,,Yes,,Yes,,37,37,D32
6/27/2010 8:00:00 AM,2050,Major Arterial,North York,43.764945,-79.44079,,No Control,Rain,Dark,Wet,Non-Fatal Injury,Approaching,Driver,45 to 49,North,"Automobile, Station Wagon",Going Ahead,Driving Properly,Normal,,,,,Yes,,,,Yes,,Yes,,Yes,,37,37,D32
6/27/2010 8:00:00 AM,2050,Major Arterial,North York,43.764945,-79.44079,,No Control,Rain,Dark,Wet,Non-Fatal Injury,Approaching,Driver,20 to 24,South,"Automobile, Station Wagon",Going Ahead,Lost control,"Ability Impaired, Alcohol",,,,,Yes,,,,Yes,,Yes,,Yes,,37,37,D32
6/29/2010 8:00:00 AM,830,Major Arterial,Etobicoke York,43.651545,-79.60309,At Intersection,Traffic Signal,Clear,Daylight,Dry,Non-Fatal Injury,Pedestrian Collisions,Pedestrian,20 to 24,South,Other,,,,Normal,,Yes,,Yes,,,,,,Yes,,,,11,11,D22
6/26/2010 8:00:00 AM,1254,Minor Arterial,Toronto and East York,43.659045,-79.42189,At Intersection,Traffic Signal,Rain,Daylight,Wet,Non-Fatal Injury,Pedestrian Collisions,Pedestrian,80 to 84,South,Other,,,,Normal,,Yes,,Yes,,,,,,Yes,,,,80,80,D14
7/2/2010 8:00:00 AM,2128,Local,Scarborough,43.760545,-79.23319,,No Control,Clear,Dark,Dry,Non-Fatal Injury,SMV Unattended Vehicle,Other,unknown,,Other,Parked,,,,,,,Yes,,,,,,Yes,,,,142,137,D43
8/15/2010 8:00:00 AM,1810,Major Arterial,Toronto and East York,43.665945,-79.40339,,No Control,Clear,Daylight,Dry,Non-Fatal Injury,Pedestrian Collisions,Pedestrian,45 to 49,West,Other,,,,Had Been Drinking,,Yes,,Yes,,,,,,,,,,79,79,D52
8/16/2010 8:00:00 AM,1015,Major Arterial,Toronto and East York,43.652745,-79.39889,At Intersection,No Control,Clear,Daylight,Other,Non-Fatal Injury,Pedestrian Collisions,Driver,65 to 69,East,"Automobile, Station Wagon",Stopped,Driving Properly,Normal,,,Yes,,Yes,,,,,,Yes,,,,78,78,D14
8/16/2010 8:00:00 AM,1015,Major Arterial,Toronto and East York,43.652745,-79.39889,At Intersection,No Control,Clear,Daylight,Other,Non-Fatal Injury,Pedestrian Collisions,Pedestrian,30 to 34,Unknown,Other,,,,Normal,,Yes,,Yes,,,,,,Yes,,,,78,78,D14
7/9/2010 8:00:00 AM,1920,Major Arterial,Scarborough,43.798911,-79.14622,At Intersection,Traffic Signal,Clear,Daylight,Dry,Non-Fatal Injury,Turning Movement,Passenger,5 to 9,,Other,,,,,,,,Yes,,,,Yes,,Yes,,,,133,133,D42
7/9/2010 8:00:00 AM,1920,Major Arterial,Scarborough,43.798911,-79.14622,At Intersection,Traffic Signal,Clear,Daylight,Dry,Non-Fatal Injury,Turning Movement,Driver,40 to 44,South,"Automobile, Station Wagon",Going Ahead,Driving Properly,Normal,,,,,Yes,,,,Yes,,Yes,,,,133,133,D42
7/5/2010 8:00:00 AM,602,Major Arterial,Etobicoke York,43.680545,-79.49759,,No Control,Clear,Daylight,Dry,Non-Fatal Injury,Approaching,Driver,35 to 39,North,"Automobile, Station Wagon",Going Ahead,Other,Fatigue,,,,,Yes,,,,,,,,,,111,111,D12
7/5/2010 8:00:00 AM,602,Major Arterial,Etobicoke York,43.680545,-79.49759,,No Control,Clear,Daylight,Dry,Non-Fatal Injury,Approaching,Vehicle Owner,unknown,,Other,,,,,,,,Yes,,,,,,,,,,111,111,D12
7/5/2010 8:00:00 AM,602,Major Arterial,Etobicoke York,43.680545,-79.49759,,No Control,Clear,Daylight,Dry,Non-Fatal Injury,Approaching,Driver,20 to 24,South,"Automobile, Station Wagon",Going Ahead,Driving Properly,Normal,,,,,Yes,,,,,,,,,,111,111,D12
7/5/2010 8:00:00 AM,1019,Major Arterial,Toronto and East York,43.696445,-79.31739,At Intersection,Traffic Signal,Clear,Daylight,Dry,Non-Fatal Injury,Cyclist Collisions,Cyclist,45 to 49,East,Bicycle,Turning Left,,,,Improper Turn,,Yes,Yes,,,,,,,,,,60,60,D55
7/6/2010 8:00:00 AM,1420,Major Arterial,Toronto and East York,43.656445,-79.37709,At Intersection,Traffic Signal,Clear,Daylight,Dry,Non-Fatal Injury,Cyclist Collisions,Cyclist,50 to 54,East,Bicycle,Going Ahead,,,,Driving Properly,,Yes,Yes,,,,,,,,,,168,75,D51
7/6/2010 8:00:00 AM,1130,Major Arterial,Scarborough,43.769445,-79.28229,At Intersection,Traffic Signal,Clear,Daylight,Dry,Non-Fatal Injury,Pedestrian Collisions,Pedestrian,45 to 49,East,Other,,,,Normal,,Yes,,Yes,,,,,,Yes,,,,126,126,D41
7/9/2010 8:00:00 AM,1545,Major Arterial,Toronto and East York,43.679745,-79.29449,At Intersection,Stop Sign,Clear,Daylight,Dry,Non-Fatal Injury,Turning Movement,Passenger,45 to 49,,Other,,,,,,,,Yes,,,,Yes,,,,,,62,62,D55
7/9/2010 8:00:00 AM,1545,Major Arterial,Toronto and East York,43.679745,-79.29449,At Intersection,Stop Sign,Clear,Daylight,Dry,Non-Fatal Injury,Turning Movement,Driver,25 to 29,North,"Automobile, Station Wagon",Turning Left,Improper Turn,Normal,,,,,Yes,,,,Yes,,,,,,62,62,D55
8/18/2010 8:00:00 AM,1752,Major Arterial,Scarborough,43.796945,-79.27269,,No Control,Clear,Daylight,Dry,Non-Fatal Injury,Pedestrian Collisions,Pedestrian,70 to 74,West,Other,,,,Unknown,,Yes,,Yes,,,,,,Yes,,,,129,129,D42
7/9/2010 8:00:00 AM,627,Major Arterial,Etobicoke York,43.718645,-79.54119,,No Control,Rain,Daylight,Wet,Non-Fatal Injury,Approaching,Vehicle Owner,unknown,,Other,,,,,,,,Yes,,,,,Yes,Yes,,Yes,,23,23,D31
7/9/2010 8:00:00 AM,627,Major Arterial,Etobicoke York,43.718645,-79.54119,,No Control,Rain,Daylight,Wet,Non-Fatal Injury,Approaching,Driver,25 to 29,West,"Automobile, Station Wagon",Going Ahead,Exceeding Speed Limit,"Ability Impaired, Alcohol Over .08",,,,,Yes,,,,,Yes,Yes,,Yes,,23,23,D31
7/11/2010 8:00:00 AM,1936,Major Arterial,Scarborough,43.808345,-79.17079,At Intersection,Traffic Signal,Clear,Daylight,Dry,Non-Fatal Injury,Pedestrian Collisions,Pedestrian,60 to 64,South,Other,,,,Normal,,Yes,,Yes,,,,,,Yes,,,,143,131,D42
7/10/2010 8:00:00 AM,1910,Major Arterial,Toronto and East York,43.686845,-79.44669,,No Control,Clear,Daylight,Dry,Non-Fatal Injury,Pedestrian Collisions,Vehicle Owner,unknown,,Other,,,,,,Yes,,,,,Yes,,,,,,,109,109,D13
7/10/2010 8:00:00 AM,1910,Major Arterial,Toronto and East York,43.686845,-79.44669,,No Control,Clear,Daylight,Dry,Non-Fatal Injury,Pedestrian Collisions,Pedestrian,55 to 59,,Other,,,,Had Been Drinking,,Yes,,,,,Yes,,,,,,,109,109,D13
7/10/2010 8:00:00 AM,341,Major Arterial,Etobicoke York,43.649445,-79.53119,,No Control,Clear,Dark,Dry,Non-Fatal Injury,SMV Other,Passenger,20 to 24,,Other,,,,,,,,Yes,,,,Yes,,,,Yes,,158,14,D22
7/10/2010 8:00:00 AM,341,Major Arterial,Etobicoke York,43.649445,-79.53119,,No Control,Clear,Dark,Dry,Non-Fatal Injury,SMV Other,Vehicle Owner,unknown,,Other,,,,,,,,Yes,,,,Yes,,,,Yes,,158,14,D22
8/19/2010 8:00:00 AM,1715,Local,Toronto and East York,43.657845,-79.42269,,No Control,Clear,Daylight,Dry,Non-Fatal Injury,Pedestrian Collisions,Pedestrian,85 to 89,Unknown,Other,,,,Normal,,Yes,,Yes,,,,,,,,,,80,80,D14
6/27/2020 8:00:00 AM,1502,Major Arterial,Scarborough,43.739848,-79.245494,At Intersection,Traffic Signal,Clear,Daylight,Dry,Non-Fatal Injury,Turning Movement,Driver,50 to 54,West,"Automobile, Station Wagon",Turning Left,Driving Properly,Normal,,,,,Yes,Yes,,,,,Yes,Yes,,,138,138,D43
7/9/2010 8:00:00 AM,2115,Minor Arterial,Toronto and East York,43.662745,-79.340793,,No Control,Clear,Dark,Dry,Non-Fatal Injury,Sideswipe,Passenger,45 to 49,,,,,,,,,Yes,Yes,,,,Yes,,,,,,70,70,D55
7/9/2010 8:00:00 AM,2115,Minor Arterial,Toronto and East York,43.662745,-79.340793,,No Control,Clear,Dark,Dry,Non-Fatal Injury,Sideswipe,Vehicle Owner,unknown,,,,,,,,,Yes,Yes,,,,Yes,,,,,,70,70,D55
7/9/2010 8:00:00 AM,2115,Minor Arterial,Toronto and East York,43.662745,-79.340793,,No Control,Clear,Dark,Dry,Non-Fatal Injury,Sideswipe,Passenger,15 to 19,,,,,,,,,Yes,Yes,,,,Yes,,,,,,70,70,D55
7/9/2010 8:00:00 AM,2115,Minor Arterial,Toronto and East York,43.662745,-79.340793,,No Control,Clear,Dark,Dry,Non-Fatal Injury,Sideswipe,Moped Driver,15 to 19,North,Moped,,,,,,,Yes,Yes,,,,Yes,,,,,,70,70,D55
7/12/2010 8:00:00 AM,1800,Collector,Scarborough,43.812945,-79.27509,,No Control,Clear,Daylight,Dry,Non-Fatal Injury,Other,Passenger,55 to 59,,Other,,,,,,,,Yes,,,,Yes,,,,,,129,129,D42
7/12/2010 8:00:00 AM,1800,Collector,Scarborough,43.812945,-79.27509,,No Control,Clear,Daylight,Dry,Non-Fatal Injury,Other,Vehicle Owner,unknown,,Other,,,,,,,,Yes,,,,Yes,,,,,,129,129,D42
7/12/2010 8:00:00 AM,105,Major Arterial,Scarborough,43.772045,-79.25149,At Intersection,Traffic Signal,Clear,Dark,Dry,Non-Fatal Injury,SMV Other,Other Property Owner,unknown,,Other,,,,,,,,Yes,,,,,Yes,Yes,,,,156,127,D43
8/21/2010 8:00:00 AM,1343,Local,Etobicoke York,43.683045,-79.46459,,No Control,Rain,Daylight,Wet,Non-Fatal Injury,Pedestrian Collisions,Vehicle Owner,unknown,,Other,,,,,,Yes,,Yes,,,,,,,,,,110,110,D12
8/21/2010 8:00:00 AM,1343,Local,Etobicoke York,43.683045,-79.46459,,No Control,Rain,Daylight,Wet,Non-Fatal Injury,Pedestrian Collisions,Pedestrian,75 to 79,South,Other,,,,Normal,,Yes,,Yes,,,,,,,,,,110,110,D12
7/13/2010 8:00:00 AM,1835,Major Arterial,North York,43.713545,-79.36479,,Traffic Signal,Clear,Daylight,Dry,Non-Fatal Injury,Rear End,Driver,35 to 39,East,"Automobile, Station Wagon",Stopped,Driving Properly,Normal,,,,,Yes,,,,,,,,,,55,55,D53
7/13/2010 8:00:00 AM,1835,Major Arterial,North York,43.713545,-79.36479,,Traffic Signal,Clear,Daylight,Dry,Non-Fatal Injury,Rear End,Vehicle Owner,unknown,,Other,,,,,,,,Yes,,,,,,,,,,55,55,D53
7/13/2010 8:00:00 AM,1835,Major Arterial,North York,43.713545,-79.36479,,Traffic Signal,Clear,Daylight,Dry,Non-Fatal Injury,Rear End,Driver,50 to 54,West,Other,Stopped,Driving Properly,Normal,,,,,Yes,,,,,,,,,,55,55,D53
7/13/2010 8:00:00 AM,1835,Major Arterial,North York,43.713545,-79.36479,,Traffic Signal,Clear,Daylight,Dry,Non-Fatal Injury,Rear End,Driver,20 to 24,West,"Automobile, Station Wagon",Stopped,Driving Properly,Normal,,,,,Yes,,,,,,,,,,55,55,D53
7/13/2010 8:00:00 AM,1835,Major Arterial,North York,43.713545,-79.36479,,Traffic Signal,Clear,Daylight,Dry,Non-Fatal Injury,Rear End,Driver,20 to 24,East,"Automobile, Station Wagon",Going Ahead,Lost control,Inattentive,,,,,Yes,,,,,,,,,,55,55,D53
2/3/2010 10:00:00 AM,800,Major Arterial,Etobicoke York,43.618945,-79.48649,At Intersection,Stop Sign,Clear,Daylight,Dry,Non-Fatal Injury,Pedestrian Collisions,Pedestrian,50 to 54,Unknown,Other,,,,Medical or Physical Disability,,Yes,,Yes,,,,,,Yes,,,,160,17,D22
6/27/2020 8:00:00 AM,1643,Major Arterial,Etobicoke York,43.68389,-79.511417,At Intersection,Traffic Signal,Clear,Daylight,Dry,Non-Fatal Injury,Cyclist Collisions,Cyclist,10 to 14,East,Bicycle,Going Ahead,,,,Driving Properly,,Yes,Yes,,,,,,Yes,,,,9,9,D22
8/21/2010 8:00:00 AM,1338,Minor Arterial,Toronto and East York,43.662945,-79.36229,,No Control,Rain,Daylight,Wet,Non-Fatal Injury,Rear End,Other,unknown,East,Other,Parked,,,,,,,Yes,Yes,,,,,Yes,,,,72,72,D51
8/21/2010 8:00:00 AM,1338,Minor Arterial,Toronto and East York,43.662945,-79.36229,,No Control,Rain,Daylight,Wet,Non-Fatal Injury,Rear End,Driver,unknown,East,"Automobile, Station Wagon",Going Ahead,Following too Close,Unknown,,,,,Yes,Yes,,,,,Yes,,,,72,72,D51
7/20/2010 8:00:00 AM,2141,Major Arterial,Toronto and East York,43.636045,-79.40209,,Traffic Signal,Clear,Dark,Dry,Non-Fatal Injury,Cyclist Collisions,Vehicle Owner,unknown,,Other,,,,,,,Yes,,,,Yes,,,,,,,163,82,D14
7/20/2010 8:00:00 AM,2141,Major Arterial,Toronto and East York,43.636045,-79.40209,,Traffic Signal,Clear,Dark,Dry,Non-Fatal Injury,Cyclist Collisions,Cyclist,50 to 54,North,Bicycle,Going Ahead,,,,Disobeyed Traffic Control,,Yes,,,,Yes,,,,,,,163,82,D14
7/22/2010 8:00:00 AM,1234,Major Arterial,Toronto and East York,43.647643,-79.384792,At Intersection,Traffic Signal,Clear,Daylight,Dry,Non-Fatal Injury,Cyclist Collisions,Vehicle Owner,unknown,,,,,,,,,Yes,Yes,,,,,,,,,,170,76,D52