DATE,TIME,ROAD_CLASS,DISTRICT,LATITUDE,LONGITUDE,ACCLOC,TRAFFCTL,VISIBILITY,LIGHT,RDSFCOND,ACCLASS,IMPACTYPE,INVTYPE,INVAGE,INITDIR,VEHTYPE,MANOEUVER,DRIVACT,DRIVCOND,PEDCOND,CYCACT,PEDESTRIAN,CYCLIST,AUTOMOBILE,MOTORCYCLE,TRUCK,TRSN_CITY_VEH,PASSENGER,SPEEDING,AG_DRIV,REDLIGHT,ALCOHOL,DISABILITY,HOOD_158,HOOD_140,DIVISION
10/13/2022 8:00:00 AM,1940,Major Arterial,Scarborough,43.798701,-79.261974,Non Intersection,No Control,Clear,Dark,Dry,Non-Fatal Injury,Turning Movement,Passenger,5 to 9,,,,,,,,,,Yes,,,,Yes,,Yes,,,,129,129,D42
10/13/2022 8:00:00 AM,1940,Major Arterial,Scarborough,43.798701,-79.261974,Non Intersection,No Control,Clear,Dark,Dry,Non-Fatal Injury,Turning Movement,Driver,20 to 24,West,"Automobile, Station Wagon",Going Ahead,Driving Properly,Normal,,,,,Yes,,,,Yes,,Yes,,,,129,129,D42
10/14/2022 8:00:00 AM,2118,Major Arterial,Etobicoke York,43.716525,-79.592578,At Intersection,Traffic Signal,Clear,"Dark, artificial",Dry,Non-Fatal Injury,Pedestrian Collisions,Pedestrian,55 to 59,South,,,,,Had Been Drinking,,Yes,,Yes,,,,,,,,,,1,1,D23
10/15/2022 8:00:00 AM,1649,Major Arterial,Etobicoke York,43.701945,-79.57561,At Intersection,Traffic Signal,Clear,Daylight,Dry,Non-Fatal Injury,Turning Movement,Driver,20 to 24,South,"Automobile, Station Wagon",Going Ahead,Driving Properly,Normal,,,,,Yes,,,,Yes,,Yes,,,,1,1,D23
10/15/2022 8:00:00 AM,1649,Major Arterial,Etobicoke York,43.701945,-79.57561,At Intersection,Traffic Signal,Clear,Daylight,Dry,Non-Fatal Injury,Turning Movement,Passenger,30 to 34,,,,,,,,,,Yes,,,,Yes,,Yes,,,,1,1,D23
10/16/2022 8:00:00 AM,1752,Major Arterial,Etobicoke York,43.612651,-79.539836,At Intersection,Stop Sign,Clear,Daylight,Dry,Non-Fatal Injury,Turning Movement,Motorcycle Driver,40 to 44,East,Motorcycle,Going Ahead,Driving Properly,Normal,,,,,Yes,Yes,,,Yes,,Yes,,,,20,20,D22
10/16/2022 8:00:00 AM,1752,Major Arterial,Etobicoke York,43.612651,-79.539836,At Intersection,Stop Sign,Clear,Daylight,Dry,Non-Fatal Injury,Turning Movement,Driver,35 to 39,West,"Automobile, Station Wagon",Going Ahead,Driving Properly,Normal,,,,,Yes,Yes,,,Yes,,Yes,,,,20,20,D22
10/16/2022 8:00:00 AM,1752,Major Arterial,Etobicoke York,43.612651,-79.539836,At Intersection,Stop Sign,Clear,Daylight,Dry,Non-Fatal Injury,Turning Movement,Passenger,30 to 34,,,,,,,,,,Yes,Yes,,,Yes,,Yes,,,,20,20,D22
10/17/2022 8:00:00 AM,12,Minor Arterial,North York,43.710726,-79.444484,At Intersection,Stop Sign,Clear,Dark,Dry,Non-Fatal Injury,Angle,Driver,50 to 54,North,"Automobile, Station Wagon",Going Ahead,Driving Properly,Unknown,,,,,Yes,,,,Yes,Yes,Yes,,,,31,31,D13
10/17/2022 8:00:00 AM,12,Minor Arterial,North York,43.710726,-79.444484,At Intersection,Stop Sign,Clear,Dark,Dry,Non-Fatal Injury,Angle,Driver,unknown,South,"Automobile, Station Wagon",Going Ahead,Driving Properly,Normal,,,,,Yes,,,,Yes,Yes,Yes,,,,31,31,D13
10/17/2022 8:00:00 AM,12,Minor Arterial,North York,43.710726,-79.444484,At Intersection,Stop Sign,Clear,Dark,Dry,Non-Fatal Injury,Angle,Passenger,35 to 39,,,,,,,,,,Yes,,,,Yes,Yes,Yes,,,,31,31,D13
10/20/2022 8:00:00 AM,726,Major Arterial,North York,43.768851,-79.46693,Non Intersection,No Control,Clear,Dark,Dry,Non-Fatal Injury,Pedestrian Collisions,Pedestrian,65 to 69,West,,,,,Inattentive,,Yes,,,,,Yes,,,,,,,27,27,D32
10/22/2022 8:00:00 AM,1822,Major Arterial,Etobicoke York,43.626265,-79.502589,At Intersection,Traffic Signal,Clear,Dusk,Dry,Non-Fatal Injury,Turning Movement,Motorcycle Driver,30 to 34,West,Motorcycle,Going Ahead,Driving Properly,Normal,,,,,Yes,Yes,,,,,Yes,,,,16,16,D22
10/22/2022 8:00:00 AM,1822,Major Arterial,Etobicoke York,43.626265,-79.502589,At Intersection,Traffic Signal,Clear,Dusk,Dry,Non-Fatal Injury,Turning Movement,Driver,50 to 54,South,"Automobile, Station Wagon",Stopped,Driving Properly,Normal,,,,,Yes,Yes,,,,,Yes,,,,16,16,D22
10/22/2022 8:00:00 AM,1822,Major Arterial,Etobicoke York,43.626265,-79.502589,At Intersection,Traffic Signal,Clear,Dusk,Dry,Non-Fatal Injury,Turning Movement,Other,50 to 54,,,,,,,,,,Yes,Yes,,,,,Yes,,,,16,16,D22
10/23/2022 8:00:00 AM,1552,Major Arterial,North York,43.772029,-79.537761,At Intersection,Traffic Signal,Clear,Daylight,Dry,Non-Fatal Injury,Turning Movement,Motorcycle Driver,35 to 39,West,Motorcycle,Going Ahead,Exceeding Speed Limit,Normal,,,,,Yes,Yes,,,,Yes,Yes,,,,21,21,D31
10/24/2022 8:00:00 AM,1715,Major Arterial,North York,43.661982,-79.425624,At Intersection,Traffic Signal,Clear,Daylight,Dry,Non-Fatal Injury,Cyclist Collisions,Cyclist,20 to 24,East,Bicycle,Going Ahead,,,,Driving Properly,,Yes,Yes,,,,,,Yes,Yes,,,80,80,D14
10/25/2022 8:00:00 AM,1028,Major Arterial,Toronto and East York,43.650427,-79.479053,At Intersection,Traffic Signal,Clear,Daylight,Dry,Non-Fatal Injury,Pedestrian Collisions,Pedestrian,90 to 94,North,,,,,Normal,,Yes,,Yes,,,,,,Yes,,,,87,87,D11
10/26/2022 8:00:00 AM,1420,Major Arterial,Scarborough,43.803809,-79.298167,At Intersection,Traffic Signal,Rain,Daylight,Wet,Non-Fatal Injury,Pedestrian Collisions,Pedestrian,40 to 44,North,,,,,Normal,,Yes,,Yes,,,,,,Yes,,,,130,130,D42
10/28/2022 8:00:00 AM,1548,Major Arterial,Toronto and East York,43.66059,-79.431628,At Intersection,No Control,Clear,Daylight,Dry,Non-Fatal Injury,Cyclist Collisions,Cyclist,40 to 44,West,Bicycle,Going Ahead,,,,Driving Properly,,Yes,Yes,,,,,,Yes,,,,83,83,D14
10/28/2022 8:00:00 AM,1953,Major Arterial,Toronto and East York,43.673144,-79.414356,At Intersection,Traffic Signal,Clear,"Dark, artificial",Dry,Non-Fatal Injury,Pedestrian Collisions,Pedestrian,70 to 74,Unknown,,,,,Normal,,Yes,,,,Yes,,,Yes,Yes,,,,95,95,D14
10/31/2022 8:00:00 AM,1,Major Arterial,Scarborough,43.687659,-79.270877,At Intersection,Traffic Signal,Clear,"Dark, artificial",Dry,Non-Fatal Injury,Pedestrian Collisions,Pedestrian,50 to 54,Unknown,,,,,Had Been Drinking,,Yes,,,,,Yes,,,Yes,,,,122,122,D41
11/1/2022 8:00:00 AM,2035,Major Arterial,North York,43.741233,-79.513652,At Intersection,Traffic Signal,Clear,"Dark, artificial",Dry,Non-Fatal Injury,Turning Movement,Driver,40 to 44,East,"Automobile, Station Wagon",Turning Left,Driving Properly,Normal,,,,,Yes,,,,Yes,,Yes,Yes,,,25,25,D31
11/1/2022 8:00:00 AM,2035,Major Arterial,North York,43.741233,-79.513652,At Intersection,Traffic Signal,Clear,"Dark, artificial",Dry,Non-Fatal Injury,Turning Movement,Passenger,35 to 39,,,,,,,,,,Yes,,,,Yes,,Yes,Yes,,,25,25,D31
11/1/2022 8:00:00 AM,2035,Major Arterial,North York,43.741233,-79.513652,At Intersection,Traffic Signal,Clear,"Dark, artificial",Dry,Non-Fatal Injury,Turning Movement,Passenger,15 to 19,,,,,,,,,,Yes,,,,Yes,,Yes,Yes,,,25,25,D31
11/1/2022 8:00:00 AM,2035,Major Arterial,North York,43.741233,-79.513652,At Intersection,Traffic Signal,Clear,"Dark, artificial",Dry,Non-Fatal Injury,Turning Movement,Passenger,20 to 24,,,,,,,,,,Yes,,,,Yes,,Yes,Yes,,,25,25,D31
11/2/2022 8:00:00 AM,1127,Major Arterial,North York,43.744746,-79.399562,At Intersection,No Control,Clear,"Daylight, artificial",Dry,Non-Fatal Injury,Cyclist Collisions,Cyclist,65 to 69,West,Bicycle,Going Ahead,,,,Driving Properly,,Yes,Yes,,,,,,,,,,41,41,D32
11/3/2022 8:00:00 AM,1500,Major Arterial,North York,43.791484,-79.36835,At Intersection,Stop Sign,"Fog, Mist, Smoke, Dust",Daylight,Dry,Non-Fatal Injury,Pedestrian Collisions,Pedestrian,25 to 29,East,,,,,Normal,,Yes,,Yes,,,,,,,,,,48,48,D33
11/5/2022 8:00:00 AM,210,Major Arterial,Toronto and East York,43.661509,-79.40974,Intersection Related,Traffic Signal,Clear,"Dark, artificial",Dry,Non-Fatal Injury,Pedestrian Collisions,Pedestrian,20 to 24,East,,,,,Other,,Yes,,Yes,,,,,,,,,,79,79,D14
11/5/2022 8:00:00 AM,935,Major Arterial,Scarborough,43.800692,-79.143199,Non Intersection,No Control,Clear,Daylight,Dry,Non-Fatal Injury,Approaching,Driver,55 to 59,West,"Automobile, Station Wagon",Going Ahead,Driving Properly,Normal,,,,,Yes,,,,,,,,,,143,131,D42
11/8/2022 10:00:00 AM,1808,Major Arterial,Etobicoke York,43.759955,-79.571773,At Intersection,Traffic Signal,Clear,"Dark, artificial",Dry,Non-Fatal Injury,Pedestrian Collisions,Pedestrian,45 to 49,East,,,,,Normal,,Yes,,Yes,,,,,,Yes,,,,21,21,D31
11/9/2022 10:00:00 AM,1422,Major Arterial,North York,43.788016,-79.392719,At Intersection,Traffic Signal,Clear,Daylight,Dry,Non-Fatal Injury,Pedestrian Collisions,Pedestrian,80 to 84,East,,,,,Normal,,Yes,,Yes,,,,,,Yes,,,,49,49,D33
11/9/2022 10:00:00 AM,1812,Major Arterial,Toronto and East York,43.654647,-79.421451,At Intersection,No Control,Clear,"Dark, artificial",Dry,Non-Fatal Injury,Cyclist Collisions,Cyclist,25 to 29,West,Bicycle,Turning Left,,,,Improper Turn,,Yes,Yes,,,,,,,,,,81,81,D14
11/12/2022 10:00:00 AM,2030,Minor Arterial,North York,43.772437,-79.511371,Intersection Related,Traffic Signal,Clear,"Dark, artificial",Dry,Non-Fatal Injury,Pedestrian Collisions,Pedestrian,15 to 19,Unknown,,,,,Normal,,Yes,,,,,,,,,,,,27,27,D31
11/13/2022 10:00:00 AM,1838,Collector,Toronto and East York,43.642966,-79.442165,At Intersection,Stop Sign,Clear,"Dusk, artificial",Dry,Non-Fatal Injury,Cyclist Collisions,Cyclist,25 to 29,South,Bicycle,Going Ahead,,,,Driving Properly,,Yes,Yes,,,,,,Yes,,,,86,86,D11
11/15/2022 10:00:00 AM,1656,Minor Arterial,,43.7429,-79.594669,Non Intersection,No Control,Clear,"Dusk, artificial",Wet,Non-Fatal Injury,Pedestrian Collisions,Pedestrian,30 to 34,West,,,,,Inattentive,,Yes,,Yes,,,,,,,,,,2,2,D23
11/15/2022 10:00:00 AM,2127,Minor Arterial,North York,43.748702,-79.454868,At Intersection,Traffic Signal,Snow,"Dark, artificial",Wet,Non-Fatal Injury,Pedestrian Collisions,Pedestrian,25 to 29,East,,,,,Normal,,Yes,,Yes,,,,,,Yes,,,,33,33,D32
11/17/2022 10:00:00 AM,1640,Minor Arterial,Toronto and East York,43.67723,-79.464153,Non Intersection,No Control,Clear,Daylight,Dry,Non-Fatal Injury,Approaching,Driver,65 to 69,North,"Automobile, Station Wagon",Slowing or Stopping,Driving Properly,Normal,,,,,Yes,,,,Yes,,Yes,,,Yes,91,91,D12
11/17/2022 10:00:00 AM,1640,Minor Arterial,Toronto and East York,43.67723,-79.464153,Non Intersection,No Control,Clear,Daylight,Dry,Non-Fatal Injury,Approaching,Driver,40 to 44,North,"Automobile, Station Wagon",Slowing or Stopping,Driving Properly,Normal,,,,,Yes,,,,Yes,,Yes,,,Yes,91,91,D12
11/17/2022 10:00:00 AM,1640,Minor Arterial,Toronto and East York,43.67723,-79.464153,Non Intersection,No Control,Clear,Daylight,Dry,Non-Fatal Injury,Approaching,Passenger,10 to 14,,,,,,,,,,Yes,,,,Yes,,Yes,,,Yes,91,91,D12
11/21/2022 10:00:00 AM,1404,Major Arterial,Etobicoke York,43.715514,-79.568485,At Intersection,Traffic Signal,Clear,Daylight,Dry,Non-Fatal Injury,Turning Movement,Driver,70 to 74,West,"Automobile, Station Wagon",Turning Left,Driving Properly,Normal,,,,,Yes,,,,Yes,Yes,Yes,,,,4,4,D23
11/21/2022 10:00:00 AM,1404,Major Arterial,Etobicoke York,43.715514,-79.568485,At Intersection,Traffic Signal,Clear,Daylight,Dry,Non-Fatal Injury,Turning Movement,Driver,35 to 39,East,"Automobile, Station Wagon",Going Ahead,Driving Properly,Unknown,,,,,Yes,,,,Yes,Yes,Yes,,,,4,4,D23
11/21/2022 10:00:00 AM,1404,Major Arterial,Etobicoke York,43.715514,-79.568485,At Intersection,Traffic Signal,Clear,Daylight,Dry,Non-Fatal Injury,Turning Movement,Passenger,60 to 64,,,,,,,,,,Yes,,,,Yes,Yes,Yes,,,,4,4,D23
11/21/2022 10:00:00 AM,1609,Major Arterial,Scarborough,43.803805,-79.137714,Non Intersection,No Control,Clear,Daylight,Dry,Non-Fatal Injury,Cyclist Collisions,Cyclist,55 to 59,West,Bicycle,Going Ahead,,,,Driving Properly,,Yes,Yes,,,,,,Yes,,,,143,131,D42
11/21/2022 10:00:00 AM,1830,Major Arterial,North York,43.741168,-79.513637,Intersection Related,Traffic Signal,Clear,"Dark, artificial",Dry,Non-Fatal Injury,Rear End,Driver,65 to 69,South,"Automobile, Station Wagon",Slowing or Stopping,Driving Properly,Normal,,,,,Yes,,,,Yes,,,,,,25,25,D31
11/21/2022 10:00:00 AM,1830,Major Arterial,North York,43.741168,-79.513637,Intersection Related,Traffic Signal,Clear,"Dark, artificial",Dry,Non-Fatal Injury,Rear End,Driver,40 to 44,South,"Automobile, Station Wagon",Slowing or Stopping,Driving Properly,Normal,,,,,Yes,,,,Yes,,,,,,25,25,D31
11/21/2022 10:00:00 AM,1830,Major Arterial,North York,43.741168,-79.513637,Intersection Related,Traffic Signal,Clear,"Dark, artificial",Dry,Non-Fatal Injury,Rear End,Passenger,25 to 29,,,,,,,,,,Yes,,,,Yes,,,,,,25,25,D31
11/25/2022 10:00:00 AM,1251,Major Arterial,Toronto and East York,43.643286,-79.422908,Non Intersection,No Control,Clear,Daylight,Dry,Non-Fatal Injury,Pedestrian Collisions,Pedestrian,20 to 24,North,,,,,Inattentive,,Yes,,Yes,,,,,,,,,,84,84,D14
11/25/2022 10:00:00 AM,2245,Major Arterial,Toronto and East York,43.683192,-79.346416,Intersection Related,No Control,Clear,"Dark, artificial",Dry,Non-Fatal Injury,Sideswipe,Driver,15 to 19,South,"Automobile, Station Wagon",Going Ahead,Driving Properly,Normal,,,,,Yes,,,,Yes,,,,,,59,59,D55
11/25/2022 10:00:00 AM,2245,Major Arterial,Toronto and East York,43.683192,-79.346416,Intersection Related,No Control,Clear,"Dark, artificial",Dry,Non-Fatal Injury,Sideswipe,Driver,25 to 29,North,"Automobile, Station Wagon",Going Ahead,Driving Properly,Normal,,,,,Yes,,,,Yes,,,,,,59,59,D55
11/25/2022 10:00:00 AM,2245,Major Arterial,Toronto and East York,43.683192,-79.346416,Intersection Related,No Control,Clear,"Dark, artificial",Dry,Non-Fatal Injury,Sideswipe,Passenger,25 to 29,,,,,,,,,,Yes,,,,Yes,,,,,,59,59,D55
11/26/2022 10:00:00 AM,1134,Major Arterial,Scarborough,43.794814,-79.152499,At Intersection,Traffic Signal,Clear,Daylight,Dry,Non-Fatal Injury,Turning Movement,Driver,35 to 39,South,"Automobile, Station Wagon",Turning Left,Driving Properly,Normal,,,,,Yes,,,,Yes,,Yes,Yes,,,133,133,D43
11/26/2022 10:00:00 AM,1134,Major Arterial,Scarborough,43.794814,-79.152499,At Intersection,Traffic Signal,Clear,Daylight,Dry,Non-Fatal Injury,Turning Movement,Passenger,45 to 49,,,,,,,,,,Yes,,,,Yes,,Yes,Yes,,,133,133,D43
11/26/2022 10:00:00 AM,1134,Major Arterial,Scarborough,43.794814,-79.152499,At Intersection,Traffic Signal,Clear,Daylight,Dry,Non-Fatal Injury,Turning Movement,Passenger,20 to 24,,,,,,,,,,Yes,,,,Yes,,Yes,Yes,,,133,133,D43
11/26/2022 10:00:00 AM,1248,Major Arterial,Etobicoke York,43.594088,-79.534808,Non Intersection,No Control,Clear,Daylight,Dry,Non-Fatal Injury,Pedestrian Collisions,Pedestrian,75 to 79,Unknown,,,,,Unknown,,Yes,,Yes,,,,,,,,,,19,19,D22
11/26/2022 10:00:00 AM,1619,Major Arterial,Scarborough,43.738677,-79.216975,At Intersection,Traffic Signal,Clear,Daylight,Dry,Non-Fatal Injury,Turning Movement,Driver,20 to 24,West,"Automobile, Station Wagon",Going Ahead,Driving Properly,Normal,,,,,Yes,,,,,,Yes,,,,139,139,D43
11/27/2022 10:00:00 AM,1810,Major Arterial,Toronto and East York,43.638747,-79.400577,At Intersection,Traffic Signal,Rain,"Dark, artificial",Wet,Non-Fatal Injury,Pedestrian Collisions,Pedestrian,20 to 24,West,,,,,Normal,,Yes,,Yes,,,,,,Yes,,,,165,77,D14
11/28/2022 10:00:00 AM,840,Local,Scarborough,43.72008,-79.25677,Intersection Related,No Control,Clear,Daylight,Dry,Non-Fatal Injury,Pedestrian Collisions,Pedestrian,10 to 14,West,,,,,Normal,,Yes,,Yes,,,,,,,,,,124,124,D41
12/2/2022 10:00:00 AM,1320,,,43.810485,-79.282162,At Intersection,Stop Sign,Clear,Daylight,Dry,Non-Fatal Injury,SMV Other,Passenger,5 to 9,,,,,,,,,,Yes,,,,Yes,,,,,,129,129,D42
12/3/2022 10:00:00 AM,1205,Major Arterial,Scarborough,43.735591,-79.252673,Non Intersection,No Control,Clear,Daylight,Wet,Non-Fatal Injury,Rear End,Driver,25 to 29,West,"Automobile, Station Wagon",Stopped,Driving Properly,Normal,,,,,Yes,,,Yes,Yes,,Yes,,,,124,124,D41
12/3/2022 10:00:00 AM,1205,Major Arterial,Scarborough,43.735591,-79.252673,Non Intersection,No Control,Clear,Daylight,Wet,Non-Fatal Injury,Rear End,Driver,50 to 54,West,Municipal Transit Bus (TTC),Stopped,Driving Properly,Normal,,,,,Yes,,,Yes,Yes,,Yes,,,,124,124,D41
12/3/2022 10:00:00 AM,1205,Major Arterial,Scarborough,43.735591,-79.252673,Non Intersection,No Control,Clear,Daylight,Wet,Non-Fatal Injury,Rear End,Passenger,25 to 29,,,,,,,,,,Yes,,,Yes,Yes,,Yes,,,,124,124,D41
12/4/2022 10:00:00 AM,1538,,,43.700851,-79.397136,Intersection Related,Stop Sign,Clear,Daylight,Dry,Non-Fatal Injury,Turning Movement,Motorcycle Driver,45 to 49,South,Motorcycle,Going Ahead,Driving Properly,Normal,,,,,Yes,Yes,,,Yes,,Yes,,,,174,104,D53
12/4/2022 10:00:00 AM,1538,,,43.700851,-79.397136,Intersection Related,Stop Sign,Clear,Daylight,Dry,Non-Fatal Injury,Turning Movement,Passenger,40 to 44,,,,,,,,,,Yes,Yes,,,Yes,,Yes,,,,174,104,D53
12/1/2022 10:00:00 AM,2130,Minor Arterial,Toronto and East York,43.643412,-79.391261,At Intersection,Traffic Signal,Clear,Dark,Dry,Non-Fatal Injury,Cyclist Collisions,Cyclist,20 to 24,North,Bicycle,Going Ahead,,,,Driving Properly,,Yes,Yes,,,,,,Yes,Yes,,,165,77,D52
12/5/2022 10:00:00 AM,1505,Local,Scarborough,43.73823,-79.305957,Non Intersection,No Control,Clear,Daylight,Dry,Non-Fatal Injury,Pedestrian Collisions,Passenger,10 to 14,,,,,,,,Yes,,Yes,,,,Yes,,,,,,119,119,D41
12/5/2022 10:00:00 AM,1505,Local,Scarborough,43.73823,-79.305957,Non Intersection,No Control,Clear,Daylight,Dry,Non-Fatal Injury,Pedestrian Collisions,Pedestrian,10 to 14,South,,,,,Inattentive,,Yes,,Yes,,,,Yes,,,,,,119,119,D41
12/5/2022 10:00:00 AM,2018,Major Arterial,North York,43.741168,-79.317989,Non Intersection,No Control,Clear,"Dark, artificial",Dry,Non-Fatal Injury,Pedestrian Collisions,Driver,20 to 24,West,"Automobile, Station Wagon",Going Ahead,Driving Properly,Normal,,,Yes,,Yes,,,,,,,,,,43,43,D33
12/5/2022 10:00:00 AM,2018,Major Arterial,North York,43.741168,-79.317989,Non Intersection,No Control,Clear,"Dark, artificial",Dry,Non-Fatal Injury,Pedestrian Collisions,Pedestrian,60 to 64,Unknown,,,,,"Ability Impaired, Drugs",,Yes,,Yes,,,,,,,,,,43,43,D33
12/9/2022 10:00:00 AM,1710,Major Arterial,,43.755824,-79.517314,Non Intersection,No Control,Clear,Daylight,Dry,Non-Fatal Injury,Pedestrian Collisions,Pedestrian,40 to 44,West,,,,,Normal,,Yes,,Yes,,,,,,,,,,25,25,D31
12/9/2022 10:00:00 AM,2038,Major Arterial,Scarborough,43.772727,-79.251537,Non Intersection,No Control,Clear,"Dark, artificial",Dry,Non-Fatal Injury,Sideswipe,Driver,15 to 19,North,"Automobile, Station Wagon",Unknown,Driving Properly,Normal,,,,,Yes,,,,,,,,,,142,137,D43
12/13/2022 10:00:00 AM,2301,Major Arterial,Toronto and East York,43.690657,-79.403026,At Intersection,Traffic Signal,Clear,"Dark, artificial",Dry,Non-Fatal Injury,Turning Movement,Driver,40 to 44,West,"Automobile, Station Wagon",Turning Left,Driving Properly,Unknown,,,,,Yes,,,,,Yes,Yes,,,,97,97,D53
12/15/2022 10:00:00 AM,1134,Collector,Toronto and East York,43.665648,-79.375507,At Intersection,No Control,Freezing Rain,Daylight,Wet,Non-Fatal Injury,Pedestrian Collisions,Pedestrian,unknown,Unknown,,,,,Other,,Yes,,Yes,,,,,Yes,Yes,,,,71,71,D51
12/15/2022 10:00:00 AM,1720,Major Arterial,Toronto and East York,43.641364,-79.414981,At Intersection,Traffic Signal,Freezing Rain,"Dark, artificial",Slush,Non-Fatal Injury,Pedestrian Collisions,Pedestrian,65 to 69,Unknown,,,,,Normal,,Yes,,Yes,,,,,,Yes,,,,162,82,D14
12/15/2022 10:00:00 AM,1925,Major Arterial,Etobicoke York,43.686591,-79.597255,Non Intersection,No Control,Snow,Dark,Loose Snow,Non-Fatal Injury,Pedestrian Collisions,Pedestrian,25 to 29,North,,,,,Inattentive,,Yes,,Yes,,,,,,,,,,1,1,D23
12/15/2022 10:00:00 AM,1925,Major Arterial,Etobicoke York,43.686591,-79.597255,Non Intersection,No Control,Snow,Dark,Loose Snow,Non-Fatal Injury,Pedestrian Collisions,Pedestrian,40 to 44,North,,,,,Inattentive,,Yes,,Yes,,,,,,,,,,1,1,D23
12/18/2022 10:00:00 AM,2228,Major Arterial,Toronto and East York,43.645507,-79.369792,At Intersection,Traffic Signal,Clear,"Dark, artificial",Dry,Non-Fatal Injury,Cyclist Collisions,Cyclist,40 to 44,South,Bicycle,Going Ahead,,,,Disobeyed Traffic Control,,Yes,Yes,,,,Yes,,,,,,166,77,D51
12/18/2022 10:00:00 AM,2228,Major Arterial,Toronto and East York,43.645507,-79.369792,At Intersection,Traffic Signal,Clear,"Dark, artificial",Dry,Non-Fatal Injury,Cyclist Collisions,Passenger,25 to 29,,,,,,,,,Yes,Yes,,,,Yes,,,,,,166,77,D51
12/18/2022 10:00:00 AM,2228,Major Arterial,Toronto and East York,43.645507,-79.369792,At Intersection,Traffic Signal,Clear,"Dark, artificial",Dry,Non-Fatal Injury,Cyclist Collisions,Passenger,20 to 24,,,,,,,,,Yes,Yes,,,,Yes,,,,,,166,77,D51
12/19/2022 10:00:00 AM,1047,,,43.792052,-79.195514,At Intersection,Traffic Signal,Clear,Daylight,Dry,Non-Fatal Injury,Turning Movement,Driver,65 to 69,East,"Automobile, Station Wagon",Turning Left,Driving Properly,Normal,,,,,Yes,,,,Yes,,Yes,Yes,,Yes,134,134,D43
12/19/2022 10:00:00 AM,1047,,,43.792052,-79.195514,At Intersection,Traffic Signal,Clear,Daylight,Dry,Non-Fatal Injury,Turning Movement,Passenger,0 to 4,,,,,,,,,,Yes,,,,Yes,,Yes,Yes,,Yes,134,134,D43
12/20/2022 10:00:00 AM,1150,Major Arterial,Etobicoke York,43.686248,-79.595363,Non Intersection,No Control,Clear,Daylight,Dry,Non-Fatal Injury,Sideswipe,Driver,20 to 24,South,"Automobile, Station Wagon",Going Ahead,Driving Properly,Normal,,,,,Yes,,,,Yes,,Yes,,,,1,1,D23
12/20/2022 10:00:00 AM,1150,Major Arterial,Etobicoke York,43.686248,-79.595363,Non Intersection,No Control,Clear,Daylight,Dry,Non-Fatal Injury,Sideswipe,Driver,65 to 69,South,"Automobile, Station Wagon",Going Ahead,Driving Properly,Normal,,,,,Yes,,,,Yes,,Yes,,,,1,1,D23
12/20/2022 10:00:00 AM,1150,Major Arterial,Etobicoke York,43.686248,-79.595363,Non Intersection,No Control,Clear,Daylight,Dry,Non-Fatal Injury,Sideswipe,Passenger,20 to 24,,,,,,,,,,Yes,,,,Yes,,Yes,,,,1,1,D23
12/21/2022 10:00:00 AM,1750,Local,,43.696864,-79.436534,At Intersection,Stop Sign,Clear,Dark,Wet,Non-Fatal Injury,Pedestrian Collisions,Pedestrian,30 to 34,North,,,,,Normal,,Yes,,Yes,,,,,,Yes,,,,106,106,D13
12/21/2022 10:00:00 AM,1750,Local,,43.696864,-79.436534,At Intersection,Stop Sign,Clear,Dark,Wet,Non-Fatal Injury,Pedestrian Collisions,Pedestrian,5 to 9,North,,,,,Normal,,Yes,,Yes,,,,,,Yes,,,,106,106,D13
12/21/2022 10:00:00 AM,1750,Local,,43.696864,-79.436534,At Intersection,Stop Sign,Clear,Dark,Wet,Non-Fatal Injury,Pedestrian Collisions,Pedestrian,0 to 4,North,,,,,Normal,,Yes,,Yes,,,,,,Yes,,,,106,106,D13
12/26/2022 10:00:00 AM,112,Major Shoreline,,43.673403,-79.468425,Non Intersection,No Control,Clear,"Dark, artificial",Wet,Non-Fatal Injury,SMV Other,Passenger,20 to 24,,,,,,,,,,Yes,,,,Yes,,Yes,,,,90,90,D12
12/26/2022 10:00:00 AM,112,Major Shoreline,,43.673403,-79.468425,Non Intersection,No Control,Clear,"Dark, artificial",Wet,Non-Fatal Injury,SMV Other,Passenger,15 to 19,,,,,,,,,,Yes,,,,Yes,,Yes,,,,90,90,D12
12/30/2022 10:00:00 AM,2234,Major Arterial,Toronto and East York,43.662856,-79.421268,Non Intersection,No Control,Rain,"Dark, artificial",Wet,Non-Fatal Injury,Pedestrian Collisions,Pedestrian,40 to 44,South,,,,,Inattentive,,Yes,,Yes,,,,,,,,,,80,80,D14