DATE,TIME,ROAD_CLASS,DISTRICT,LATITUDE,LONGITUDE,ACCLOC,TRAFFCTL,VISIBILITY,LIGHT,RDSFCOND,ACCLASS,IMPACTYPE,INVTYPE,INVAGE,INITDIR,VEHTYPE,MANOEUVER,DRIVACT,DRIVCOND,PEDCOND,CYCACT,PEDESTRIAN,CYCLIST,AUTOMOBILE,MOTORCYCLE,TRUCK,TRSN_CITY_VEH,PASSENGER,SPEEDING,AG_DRIV,REDLIGHT,ALCOHOL,DISABILITY,HOOD_158,HOOD_140,DIVISION
12/11/2013 10:00:00 AM,1605,Major Arterial,North York,43.756991,-79.430812,At Intersection,No Control,Clear,Dusk,Dry,Non-Fatal Injury,Pedestrian Collisions,Pedestrian,15 to 19,South,,,,,Inattentive,,Yes,,Yes,,,,Yes,,,,,,38,38,D32
12/11/2013 10:00:00 AM,1605,Major Arterial,North York,43.756991,-79.430812,At Intersection,No Control,Clear,Dusk,Dry,Non-Fatal Injury,Pedestrian Collisions,Passenger,85 to 89,,,,,,,,Yes,,Yes,,,,Yes,,,,,,38,38,D32
12/12/2013 10:00:00 AM,1705,Collector,North York,43.714598,-79.335178,At/Near Private Drive,No Control,Clear,"Dark, artificial",Dry,Non-Fatal Injury,Pedestrian Collisions,Pedestrian,35 to 39,East,,,,,Normal,,Yes,,Yes,,,,,,Yes,,,,44,44,D55
5/23/2023 8:00:00 AM,1733,Collector,North York,43.750727,-79.51601,Intersection Related,Traffic Signal,Clear,Daylight,Dry,Non-Fatal Injury,Turning Movement,Motorcycle Driver,25 to 29,North,Motorcycle,Going Ahead,Driving Properly,Normal,,,,,Yes,Yes,,,,,Yes,,,,25,25,D31
12/16/2013 10:00:00 AM,1237,Major Arterial,North York,43.76097,-79.465167,At Intersection,Traffic Signal,Clear,Daylight,Wet,Non-Fatal Injury,Turning Movement,Driver,15 to 19,North,"Automobile, Station Wagon",Going Ahead,Driving Properly,Normal,,,,,Yes,,,,Yes,,Yes,,,,34,34,D32
12/16/2013 10:00:00 AM,1237,Major Arterial,North York,43.76097,-79.465167,At Intersection,Traffic Signal,Clear,Daylight,Wet,Non-Fatal Injury,Turning Movement,Passenger,15 to 19,,,,,,,,,,Yes,,,,Yes,,Yes,,,,34,34,D32
12/16/2013 10:00:00 AM,1237,Major Arterial,North York,43.76097,-79.465167,At Intersection,Traffic Signal,Clear,Daylight,Wet,Non-Fatal Injury,Turning Movement,Passenger,20 to 24,,,,,,,,,,Yes,,,,Yes,,Yes,,,,34,34,D32
5/24/2023 8:00:00 AM,830,,,43.674007,-79.396274,Intersection Related,Stop Sign,Clear,"Daylight, artificial",Dry,Non-Fatal Injury,Pedestrian Collisions,Pedestrian,70 to 74,,,,,,Unknown,,Yes,,Yes,,,,,,,,,,95,95,D53
12/19/2013 10:00:00 AM,1558,Major Arterial,Etobicoke York,43.719237,-79.515971,At Intersection,No Control,Clear,Daylight,Dry,Non-Fatal Injury,Pedestrian Collisions,Pedestrian,65 to 69,South,,,,,Normal,,Yes,,Yes,,,,,,Yes,,,,154,26,D31
12/19/2013 10:00:00 AM,1728,Collector,Etobicoke York,43.626677,-79.526668,Non Intersection,No Control,Clear,"Dark, artificial",Loose Sand or Gravel,Non-Fatal Injury,Pedestrian Collisions,Driver,50 to 54,North,Construction Equipment,Unknown,Driving Properly,Normal,,,Yes,,Yes,,,,,,,,,,159,14,D22
12/19/2013 10:00:00 AM,1728,Collector,Etobicoke York,43.626677,-79.526668,Non Intersection,No Control,Clear,"Dark, artificial",Loose Sand or Gravel,Non-Fatal Injury,Pedestrian Collisions,Pedestrian,60 to 64,Unknown,Construction Equipment,,,,Normal,,Yes,,Yes,,,,,,,,,,159,14,D22
12/19/2013 10:00:00 AM,1837,Major Arterial,Etobicoke York,43.623965,-79.483676,Non Intersection,No Control,Clear,"Dark, artificial",Dry,Non-Fatal Injury,Pedestrian Collisions,Pedestrian,40 to 44,East,,,,,Normal,,Yes,,Yes,,,,,,,,,,161,17,D22
12/20/2013 10:00:00 AM,1919,Major Arterial,North York,43.808966,-79.370075,Non Intersection,No Control,Rain,"Dark, artificial",Slush,Non-Fatal Injury,Pedestrian Collisions,Driver,30 to 34,East,"Automobile, Station Wagon",Going Ahead,Driving Properly,Normal,,,Yes,,Yes,,,,,,,,,,48,48,D33
12/20/2013 10:00:00 AM,1919,Major Arterial,North York,43.808966,-79.370075,Non Intersection,No Control,Rain,"Dark, artificial",Slush,Non-Fatal Injury,Pedestrian Collisions,Pedestrian,25 to 29,South,,,,,Had Been Drinking,,Yes,,Yes,,,,,,,,,,48,48,D33
5/27/2023 8:00:00 AM,1237,Collector,Toronto and East York,43.635489,-79.40668,Intersection Related,Traffic Signal,Clear,Daylight,Dry,Non-Fatal Injury,Pedestrian Collisions,Driver,50 to 54,East,"Automobile, Station Wagon",Slowing or Stopping,Driving Properly,Normal,,,Yes,,Yes,Yes,,,,,Yes,,,,163,82,D14
5/27/2023 8:00:00 AM,1237,Collector,Toronto and East York,43.635489,-79.40668,Intersection Related,Traffic Signal,Clear,Daylight,Dry,Non-Fatal Injury,Pedestrian Collisions,Pedestrian,35 to 39,,,,,,Normal,,Yes,,Yes,Yes,,,,,Yes,,,,163,82,D14
5/28/2023 8:00:00 AM,1706,Major Arterial,North York,43.744734,-79.486705,Non Intersection,Traffic Signal,Clear,Daylight,Dry,Non-Fatal Injury,Pedestrian Collisions,Pedestrian,45 to 49,North,,,,,Normal,,Yes,,Yes,,,,Yes,,,,,,155,27,D31
5/28/2023 8:00:00 AM,1706,Major Arterial,North York,43.744734,-79.486705,Non Intersection,Traffic Signal,Clear,Daylight,Dry,Non-Fatal Injury,Pedestrian Collisions,Passenger,35 to 39,,"Automobile, Station Wagon",,,,,,Yes,,Yes,,,,Yes,,,,,,155,27,D31
5/29/2023 8:00:00 AM,1126,Major Arterial,Toronto and East York,43.672305,-79.377116,Intersection Related,Traffic Signal,Clear,Daylight,Dry,Non-Fatal Injury,Other,Cyclist,45 to 49,East,Bicycle,Going Ahead,,,,Driving Properly,,Yes,Yes,,,,,,,,,,74,98,D51
5/29/2023 8:00:00 AM,1211,Major Arterial,North York,43.692103,-79.401248,Non Intersection,No Control,Clear,Daylight,Dry,Non-Fatal Injury,Other,Driver,65 to 69,North,"Automobile, Station Wagon",Going Ahead,Driving Properly,Normal,,,,,Yes,,,,,,Yes,,,,97,97,D53
12/24/2013 10:00:00 AM,1645,Minor Arterial,Toronto and East York,43.63634,-79.435703,Non Intersection,No Control,Clear,Daylight,Dry,Non-Fatal Injury,Pedestrian Collisions,Pedestrian,65 to 69,West,,,,,Normal,,Yes,,Yes,,,,,,,,,,85,85,D14
5/30/2023 8:00:00 AM,1512,Local,Toronto and East York,43.686377,-79.438388,Intersection Related,Stop Sign,Clear,Daylight,Dry,Non-Fatal Injury,Pedestrian Collisions,Pedestrian,55 to 59,,,,,,Normal,,Yes,,Yes,,,,,,Yes,,,,107,107,D13
5/30/2023 8:00:00 AM,1723,Major Arterial,Toronto and East York,43.691229,-79.288364,Intersection Related,Traffic Signal,Clear,Daylight,Dry,Non-Fatal Injury,,Cyclist,60 to 64,North,Bicycle,Going Ahead,,,,Other,,Yes,,,,Yes,,,,,,,61,61,D55
12/28/2013 10:00:00 AM,942,Major Arterial,Scarborough,43.765097,-79.283801,At Intersection,Traffic Signal,Clear,Daylight,Wet,Non-Fatal Injury,Turning Movement,Driver,60 to 64,West,"Automobile, Station Wagon",Going Ahead,Driving Properly,Normal,,,,,Yes,,,,Yes,,Yes,,,,126,126,D41
12/28/2013 10:00:00 AM,942,Major Arterial,Scarborough,43.765097,-79.283801,At Intersection,Traffic Signal,Clear,Daylight,Wet,Non-Fatal Injury,Turning Movement,Passenger,30 to 34,,,,,,,,,,Yes,,,,Yes,,Yes,,,,126,126,D41
6/1/2023 8:00:00 AM,744,,,43.716537,-79.592579,Intersection Related,Traffic Signal,Clear,Daylight,Dry,Non-Fatal Injury,Pedestrian Collisions,Passenger,35 to 39,,,,,,,,Yes,,,,Yes,,Yes,,,,,,1,1,D23
6/1/2023 8:00:00 AM,744,,,43.716537,-79.592579,Intersection Related,Traffic Signal,Clear,Daylight,Dry,Non-Fatal Injury,Pedestrian Collisions,Pedestrian,10 to 14,,,,,,Unknown,,Yes,,,,Yes,,Yes,,,,,,1,1,D23
6/2/2023 8:00:00 AM,1448,Major Arterial,North York,43.708998,-79.443813,Non Intersection,No Control,Clear,Daylight,Dry,Non-Fatal Injury,Pedestrian Collisions,Pedestrian,45 to 49,,,,,,Normal,,Yes,,Yes,,,,,,,,,,31,31,D13
6/2/2023 8:00:00 AM,1615,,,43.723582,-79.405277,Intersection Related,Stop Sign,Clear,Daylight,Dry,Non-Fatal Injury,Cyclist Collisions,Cyclist,45 to 49,West,Bicycle,Going Ahead,,,,Failed to Yield Right of Way,,Yes,Yes,,,,,,,,,,103,103,D53
6/2/2023 8:00:00 AM,1625,,,43.667304,-79.373737,Intersection Related,Pedestrian Crossover,Clear,Daylight,Dry,Non-Fatal Injury,SMV Other,Driver,30 to 34,West,Rickshaw,Going Ahead,Driving Properly,Normal,,,,,Yes,,,,,,,,,,71,74,D51
12/31/2013 10:00:00 AM,1303,Major Arterial,Toronto and East York,43.655669,-79.487071,At Intersection,Traffic Signal,Clear,Daylight,Dry,Non-Fatal Injury,Pedestrian Collisions,Pedestrian,35 to 39,Unknown,,,,,Normal,,Yes,,Yes,,,,,,Yes,,,,89,89,D11
6/2/2023 8:00:00 AM,2200,,,43.80788,-79.375339,Non Intersection,,Clear,Dark,Dry,Non-Fatal Injury,Pedestrian Collisions,Pedestrian,60 to 64,,,,,,Unknown,,Yes,,Yes,,,,,,,,,,49,NSA,D33
6/3/2023 8:00:00 AM,1750,,,43.76105,-79.465183,Intersection Related,Traffic Signal,Clear,Daylight,Dry,Non-Fatal Injury,Pedestrian Collisions,Pedestrian,10 to 14,,,,,,Unknown,,Yes,,,Yes,,,,,,,,,34,34,D32
6/3/2023 8:00:00 AM,1809,,,43.663932,-79.34383,Intersection Related,Traffic Signal,Clear,Daylight,Dry,Non-Fatal Injury,Cyclist Collisions,Cyclist,25 to 29,West,Bicycle,Going Ahead,,,,Driving Properly,,Yes,Yes,,,,,,,,,,70,70,D55
6/5/2023 8:00:00 AM,745,Major Arterial,North York,43.707789,-79.533588,Intersection Related,Traffic Signal,Clear,Daylight,Dry,Non-Fatal Injury,Approaching,Truck Driver,55 to 59,North,Truck - Open,Going Ahead,Driving Properly,Normal,,,,,Yes,,Yes,,,,Yes,,,,113,113,D12
6/5/2023 8:00:00 AM,745,Major Arterial,North York,43.707789,-79.533588,Intersection Related,Traffic Signal,Clear,Daylight,Dry,Non-Fatal Injury,Approaching,Driver,25 to 29,South,"Automobile, Station Wagon",Stopped,Driving Properly,Normal,,,,,Yes,,Yes,,,,Yes,,,,113,113,D12
6/5/2023 8:00:00 AM,2155,Minor Arterial,Toronto and East York,43.668715,-79.375324,Other,Pedestrian Crossover,Clear,"Dark, artificial",Dry,Non-Fatal Injury,Pedestrian Collisions,Passenger,70 to 74,,,,,,,,Yes,,Yes,,,,Yes,,,,,,74,74,D51
6/5/2023 8:00:00 AM,2155,Minor Arterial,Toronto and East York,43.668715,-79.375324,Other,Pedestrian Crossover,Clear,"Dark, artificial",Dry,Non-Fatal Injury,Pedestrian Collisions,Pedestrian,65 to 69,,,,,,Normal,,Yes,,Yes,,,,Yes,,,,,,74,74,D51
6/6/2023 8:00:00 AM,1637,Major Arterial,Etobicoke York,43.630881,-79.517734,Intersection Related,Traffic Signal,Clear,Daylight,Dry,Non-Fatal Injury,Pedestrian Collisions,Pedestrian,0 to 4,,,,,,Normal,,Yes,,Yes,,,,,,,,,,16,16,D22
6/7/2023 8:00:00 AM,1411,Local,North York,43.74713,-79.508724,Non Intersection,No Control,Clear,Daylight,Dry,Non-Fatal Injury,SMV Other,Passenger,35 to 39,,,,,,,,,,,,Yes,,Yes,Yes,Yes,,,,25,25,D31
6/7/2023 8:00:00 AM,1810,,,43.688377,-79.404026,Intersection Related,Stop Sign,Clear,Daylight,Dry,Non-Fatal Injury,Cyclist Collisions,Cyclist,20 to 24,East,Bicycle,Going Ahead,,,,Disobeyed Traffic Control,,Yes,Yes,,,,,,,,,,96,96,D53
6/8/2023 8:00:00 AM,742,Major Arterial,Toronto and East York,43.680796,-79.310725,Intersection Related,Traffic Signal,Clear,Daylight,Dry,Non-Fatal Injury,Pedestrian Collisions,Pedestrian,50 to 54,,,,,,Normal,,Yes,,,,Yes,,,,,,,,62,62,D55
6/9/2023 8:00:00 AM,1736,Major Arterial,Toronto and East York,43.657401,-79.381328,Intersection Related,Traffic Signal,Clear,Daylight,Dry,Non-Fatal Injury,Cyclist Collisions,Cyclist,35 to 39,North,Bicycle,Going Ahead,,,,Driving Properly,,Yes,,,,Yes,,,Yes,,,,168,75,D51
6/10/2023 8:00:00 AM,1453,Collector,Toronto and East York,43.708586,-79.50854,Non Intersection,No Control,Clear,Daylight,Dry,Non-Fatal Injury,Pedestrian Collisions,Pedestrian,70 to 74,,,,,,Other,,Yes,,Yes,,,,,,,,,,113,113,D12
6/10/2023 8:00:00 AM,1630,Minor Arterial,Toronto and East York,43.675376,-79.404712,Intersection Related,Traffic Signal,Clear,Daylight,Dry,Non-Fatal Injury,Turning Movement,Driver,60 to 64,South,"Automobile, Station Wagon",Going Ahead,Driving Properly,Normal,,,,,Yes,,,,,,,,,,95,95,D53
6/10/2023 8:00:00 AM,1859,Major Arterial,North York,43.737704,-79.340938,Intersection Related,Traffic Signal,Clear,"Dusk, artificial",Dry,Non-Fatal Injury,Turning Movement,Motorcycle Driver,25 to 29,East,Motorcycle,Going Ahead,Driving Properly,Normal,,,,,Yes,Yes,,,,,Yes,,,,42,42,D33
6/11/2023 8:00:00 AM,727,Major Arterial,Etobicoke York,43.677676,-79.538043,Non Intersection,No Control,Clear,Daylight,Dry,Non-Fatal Injury,Approaching,Driver,20 to 24,North,"Automobile, Station Wagon",Going Ahead,Driving Properly,Normal,,,,,Yes,,,,,,,,,,10,10,D22
6/11/2023 8:00:00 AM,1735,Major Arterial,Toronto and East York,43.682143,-79.471561,Intersection Related,Traffic Signal,Clear,Daylight,Dry,Non-Fatal Injury,Turning Movement,Motorcycle Driver,30 to 34,South,Motorcycle,Going Ahead,Other,Normal,,,,,Yes,Yes,,,,,,,,,110,110,D12
6/12/2023 8:00:00 AM,805,Major Arterial,Etobicoke York,43.650984,-79.539363,Intersection Related,Traffic Signal,Rain,Daylight,Wet,Non-Fatal Injury,Pedestrian Collisions,Pedestrian,10 to 14,,,,,,Normal,,Yes,,Yes,,,,Yes,,Yes,,,,158,14,D22
6/12/2023 8:00:00 AM,805,Major Arterial,Etobicoke York,43.650984,-79.539363,Intersection Related,Traffic Signal,Rain,Daylight,Wet,Non-Fatal Injury,Pedestrian Collisions,Passenger,15 to 19,,,,,,,,Yes,,Yes,,,,Yes,,Yes,,,,158,14,D22
6/12/2023 8:00:00 AM,1625,Major Arterial,Toronto and East York,43.708415,-79.39017,Intersection Related,Traffic Signal,Rain,Daylight,Wet,Non-Fatal Injury,Pedestrian Collisions,Pedestrian,30 to 34,,,,,,Other,,Yes,,Yes,,,,,,,,,,99,99,D53
6/13/2023 8:00:00 AM,210,Collector,North York,43.77283,-79.451167,Non Intersection,Traffic Signal,Clear,"Dusk, artificial",Dry,Non-Fatal Injury,Turning Movement,Motorcycle Driver,55 to 59,East,Motorcycle,Going Ahead,Exceeding Speed Limit,Normal,,,,,Yes,Yes,,,,Yes,Yes,,,,35,35,D32
6/17/2023 8:00:00 AM,539,Major Arterial,Etobicoke York,43.682136,-79.471599,Non Intersection,Traffic Signal,Clear,Daylight,Dry,Non-Fatal Injury,Pedestrian Collisions,Pedestrian,0 to 4,,,,,,Unknown,,Yes,,Yes,,,,,,,,,,110,110,D12
6/18/2023 8:00:00 AM,705,,,43.743247,-79.304607,Intersection Related,Traffic Signal,Clear,Daylight,Dry,Non-Fatal Injury,Angle,Driver,50 to 54,West,"Automobile, Station Wagon",Going Ahead,Driving Properly,Normal,,,,,Yes,,,,Yes,,Yes,Yes,,,119,119,D41
6/18/2023 8:00:00 AM,705,,,43.743247,-79.304607,Intersection Related,Traffic Signal,Clear,Daylight,Dry,Non-Fatal Injury,Angle,Passenger,60 to 64,,,,,,,,,,Yes,,,,Yes,,Yes,Yes,,,119,119,D41
6/18/2023 8:00:00 AM,705,,,43.743247,-79.304607,Intersection Related,Traffic Signal,Clear,Daylight,Dry,Non-Fatal Injury,Angle,Passenger,20 to 24,,,,,,,,,,Yes,,,,Yes,,Yes,Yes,,,119,119,D41
6/20/2023 8:00:00 AM,1306,Minor Arterial,Scarborough,43.79959,-79.201328,Non Intersection,No Control,Clear,Daylight,Dry,Non-Fatal Injury,Pedestrian Collisions,Pedestrian,10 to 14,,,,,,Normal,,Yes,,Yes,,,,,,,,,,146,132,D42
6/20/2023 8:00:00 AM,1922,Major Arterial,Toronto and East York,43.685595,-79.31274,Intersection Related,Traffic Signal,Clear,"Dark, artificial",Dry,Non-Fatal Injury,Cyclist Collisions,Cyclist,30 to 34,East,Bicycle,Going Ahead,,,,Driving Properly,,Yes,Yes,,,,,,,,,,62,62,D55
6/22/2023 8:00:00 AM,1100,Major Arterial,Toronto and East York,43.651572,-79.362705,Intersection Related,Traffic Signal,Clear,Daylight,Dry,Non-Fatal Injury,Angle,Driver,45 to 49,South,"Automobile, Station Wagon",Going Ahead,Driving Properly,Normal,,,,,Yes,,,Yes,,,Yes,Yes,,,166,73,D51
6/23/2023 8:00:00 AM,1138,Major Arterial,Toronto and East York,43.654734,-79.433391,Intersection Related,Traffic Signal,Clear,Daylight,Dry,Non-Fatal Injury,Pedestrian Collisions,Pedestrian,80 to 84,,,,,,Normal,,Yes,,,,Yes,,,,Yes,,,,83,83,D11
6/23/2023 8:00:00 AM,1451,Major Arterial,North York,43.760932,-79.413089,At Intersection,Traffic Signal,Rain,Daylight,Wet,Non-Fatal Injury,Angle,Driver,35 to 39,East,"Automobile, Station Wagon",Going Ahead,Driving Properly,Normal,,,,,Yes,,,,,,Yes,Yes,,,38,38,D32
6/27/2023 8:00:00 AM,932,Major Arterial,North York,43.754862,-79.51704,Intersection Related,Traffic Signal,Clear,Daylight,Dry,Non-Fatal Injury,Pedestrian Collisions,Pedestrian,45 to 49,,,,,,Normal,,Yes,,Yes,,,,,,,,,,25,25,D31
6/28/2023 8:00:00 AM,914,Major Arterial,North York,43.740245,-79.53976,Intersection Related,Traffic Signal,Clear,Daylight,Dry,Non-Fatal Injury,SMV Other,Passenger,70 to 74,,,,,,,,,,,,,Yes,Yes,,,,,,22,22,D31
6/21/2023 8:00:00 AM,2000,Minor Arterial,Toronto and East York,43.672633,-79.287204,Non Intersection,No Control,Clear,Daylight,Dry,Non-Fatal Injury,Cyclist Collisions,Cyclist,65 to 69,West,Bicycle,Going Ahead,,,,Driving Properly,,Yes,Yes,,,,,,,,,,63,63,D55
6/28/2023 8:00:00 AM,1230,Major Arterial,Toronto and East York,43.645548,-79.369792,Intersection Related,Traffic Signal,Clear,Daylight,Dry,Non-Fatal Injury,Turning Movement,Driver,25 to 29,East,Passenger Van,Turning Right,Driving Properly,Normal,,,,,Yes,,,,Yes,,Yes,Yes,,,166,77,D51
6/28/2023 8:00:00 AM,1230,Major Arterial,Toronto and East York,43.645548,-79.369792,Intersection Related,Traffic Signal,Clear,Daylight,Dry,Non-Fatal Injury,Turning Movement,Passenger,50 to 54,,,,,,,,,,Yes,,,,Yes,,Yes,Yes,,,166,77,D51
6/28/2023 8:00:00 AM,1230,Major Arterial,Toronto and East York,43.645548,-79.369792,Intersection Related,Traffic Signal,Clear,Daylight,Dry,Non-Fatal Injury,Turning Movement,Passenger,15 to 19,,,,,,,,,,Yes,,,,Yes,,Yes,Yes,,,166,77,D51
6/28/2023 8:00:00 AM,1230,Major Arterial,Toronto and East York,43.645548,-79.369792,Intersection Related,Traffic Signal,Clear,Daylight,Dry,Non-Fatal Injury,Turning Movement,Passenger,80 to 84,,,,,,,,,,Yes,,,,Yes,,Yes,Yes,,,166,77,D51
6/28/2023 8:00:00 AM,1705,Minor Arterial,Toronto and East York,43.659205,-79.381557,Non Intersection,No Control,Clear,Daylight,Dry,Non-Fatal Injury,Cyclist Collisions,Cyclist,35 to 39,East,Bicycle,Going Ahead,,,,Lost control,,Yes,Yes,,,,,,,,,,168,75,D51
6/29/2023 8:00:00 AM,1650,Major Arterial,Toronto and East York,43.655223,-79.398967,Non Intersection,No Control,Clear,Daylight,Dry,Non-Fatal Injury,Pedestrian Collisions,Pedestrian,70 to 74,,,,,,Normal,,Yes,,,Yes,,,,,,,,,78,78,D14
6/29/2023 8:00:00 AM,2310,,,43.801391,-79.296474,Intersection Related,Traffic Signal,Clear,"Dark, artificial",Dry,Non-Fatal Injury,Pedestrian Collisions,Pedestrian,45 to 49,,,,,,Unknown,,Yes,,Yes,,,,,,,,,,130,130,D42
6/30/2023 8:00:00 AM,1444,Major Arterial,Scarborough,43.772193,-79.250842,Non Intersection,No Control,Clear,Daylight,Dry,Non-Fatal Injury,Rear End,Driver,70 to 74,West,"Automobile, Station Wagon",Slowing or Stopping,Driving Properly,Normal,,,,,Yes,,,,,,,,,,142,137,D43
6/30/2023 8:00:00 AM,1537,,,43.75323,-79.276256,Intersection Related,Traffic Signal,Clear,Daylight,Dry,Non-Fatal Injury,Pedestrian Collisions,Pedestrian,15 to 19,,,,,,Unknown,,Yes,,Yes,,,,,,,,,,126,126,D41
7/1/2023 8:00:00 AM,1840,,,43.657577,-79.438526,Intersection Related,Stop Sign,Clear,Daylight,Dry,Non-Fatal Injury,Pedestrian Collisions,Pedestrian,70 to 74,,,,,,Unknown,,Yes,,Yes,,,,,,Yes,,,,83,83,D11
7/4/2023 8:00:00 AM,21,Major Arterial,North York,43.646742,-79.395534,Intersection Related,Traffic Signal,Clear,"Dark, artificial",Dry,Non-Fatal Injury,Cyclist Collisions,Cyclist,35 to 39,South,Bicycle,Going Ahead,,,,,,Yes,Yes,,,,,Yes,Yes,,,,164,77,D52
7/5/2023 8:00:00 AM,235,,,43.697086,-79.443744,Non Intersection,Traffic Signal,Clear,"Dark, artificial",Dry,Non-Fatal Injury,Turning Movement,Motorcycle Driver,35 to 39,West,Motorcycle,Going Ahead,,Unknown,,,,,Yes,Yes,,,Yes,,,,,,107,107,D13
7/5/2023 8:00:00 AM,235,,,43.697086,-79.443744,Non Intersection,Traffic Signal,Clear,"Dark, artificial",Dry,Non-Fatal Injury,Turning Movement,Motorcycle Passenger,20 to 24,,,,,,,,,,Yes,Yes,,,Yes,,,,,,107,107,D13
7/5/2023 8:00:00 AM,1028,Major Arterial ,North York,43.713393,-79.536151,Intersection Related,Traffic Signal,Clear,Daylight,Dry,Non-Fatal Injury,Cyclist Collisions,Cyclist,20 to 24,South,Bicycle,Going Ahead,,,,Driving Properly,,Yes,Yes,,,,Yes,,,,,,23,23,D31
7/5/2023 8:00:00 AM,1028,Major Arterial ,North York,43.713393,-79.536151,Intersection Related,Traffic Signal,Clear,Daylight,Dry,Non-Fatal Injury,Cyclist Collisions,Passenger,80 to 84,,,,,,,,,Yes,Yes,,,,Yes,,,,,,23,23,D31
7/5/2023 8:00:00 AM,1420,Minor Arterial,Etobicoke York,43.616427,-79.54626,Intersection Related,Traffic Signal,Clear,Daylight,Dry,Non-Fatal Injury,Turning Movement,Driver,60 to 64,South,"Automobile, Station Wagon",Going Ahead,Driving Properly,Normal,,,,,Yes,,,,,,,,,,159,14,D22
7/5/2023 8:00:00 AM,2207,,,43.728324,-79.403034,Intersection Related,Stop Sign,Clear,"Dark, artificial",Dry,Non-Fatal Injury,Turning Movement,Motorcycle Driver,30 to 34,South,Motorcycle,Going Ahead,Driving Properly,Normal,,,,,Yes,Yes,,,,,Yes,,,,105,105,D32
7/9/2023 8:00:00 AM,2318,Major Arterial,North York,43.750254,-79.463359,Intersection Related,Traffic Signal,Clear,"Dark, artificial",Dry,Non-Fatal Injury,Turning Movement,Passenger,20 to 24,,,,,,,,,,Yes,,,Yes,Yes,,Yes,Yes,,,155,27,D32
7/9/2023 8:00:00 AM,2318,Major Arterial,North York,43.750254,-79.463359,Intersection Related,Traffic Signal,Clear,"Dark, artificial",Dry,Non-Fatal Injury,Turning Movement,Driver,20 to 24,South,"Automobile, Station Wagon",Going Ahead,Disobeyed Traffic Control,Other,,,,,Yes,,,Yes,Yes,,Yes,Yes,,,155,27,D32
7/10/2023 8:00:00 AM,1700,Major Arterial,North York,43.734786,-79.533443,Non Intersection,Traffic Signal,Clear,Daylight,Dry,Non-Fatal Injury,Cyclist Collisions,Cyclist,65 to 69,East,Bicycle,Going Ahead,,,,Lost control,,Yes,,,,Yes,,,,,,,23,22,D31
7/11/2023 8:00:00 AM,2029,Major Arterial,Toronto and East York,43.691306,-79.47002,Non Intersection,No Control,Clear,Daylight,Dry,Non-Fatal Injury,Pedestrian Collisions,Driver,30 to 34,West,"Automobile, Station Wagon",Changing Lanes,Driving Properly,Normal,,,Yes,,Yes,,,,,,,,,,112,112,D12
7/11/2023 8:00:00 AM,2029,Major Arterial,Toronto and East York,43.691306,-79.47002,Non Intersection,No Control,Clear,Daylight,Dry,Non-Fatal Injury,Pedestrian Collisions,Pedestrian,25 to 29,,,,,,Normal,,Yes,,Yes,,,,,,,,,,112,112,D12
7/11/2023 8:00:00 AM,2029,Major Arterial,Toronto and East York,43.691306,-79.47002,Non Intersection,No Control,Clear,Daylight,Dry,Non-Fatal Injury,Pedestrian Collisions,Pedestrian,55 to 59,,,,,,Normal,,Yes,,Yes,,,,,,,,,,112,112,D12
7/12/2023 8:00:00 AM,1507,Major Arterial,Etobicoke York,43.600844,-79.505313,Non Intersection,Traffic Signal,Clear,Daylight,Dry,Non-Fatal Injury,Turning Movement,Motorcycle Driver,55 to 59,South,Motorcycle,Going Ahead,Driving Properly,Normal,,,,,Yes,Yes,,,,,,,,,18,18,D22
7/12/2023 8:00:00 AM,1840,Major Arterial,Toronto and East York,43.680724,-79.391055,Non Intersection,,Clear,Daylight,Dry,Non-Fatal Injury,Other,Cyclist,30 to 34,South,Bicycle,Going Ahead,,,,Driving Properly,,Yes,Yes,,,,,,Yes,,,,95,95,D53
7/13/2023 8:00:00 AM,1020,,,43.654132,-79.514278,Non Intersection,Stop Sign,Clear,Daylight,Dry,Non-Fatal Injury,SMV Other,Passenger,75 to 79,,,,,,,,,,,,,Yes,Yes,,,,,,15,15,D22
7/15/2023 8:00:00 AM,1135,Major Arterial,Scarborough,43.739924,-79.245502,Intersection Related,Traffic Signal,Clear,Daylight,Wet,Non-Fatal Injury,Turning Movement,Motorcycle Driver,20 to 24,North,Motorcycle,Going Ahead,Driving Properly,Normal,,,,,Yes,Yes,,,Yes,,Yes,,,,138,138,D43
7/15/2023 8:00:00 AM,1135,Major Arterial,Scarborough,43.739924,-79.245502,Intersection Related,Traffic Signal,Clear,Daylight,Wet,Non-Fatal Injury,Turning Movement,Motorcycle Passenger,20 to 24,,,,,,,,,,Yes,Yes,,,Yes,,Yes,,,,138,138,D43