DATE,TIME,ROAD_CLASS,DISTRICT,LATITUDE,LONGITUDE,ACCLOC,TRAFFCTL,VISIBILITY,LIGHT,RDSFCOND,ACCLASS,IMPACTYPE,INVTYPE,INVAGE,INITDIR,VEHTYPE,MANOEUVER,DRIVACT,DRIVCOND,PEDCOND,CYCACT,PEDESTRIAN,CYCLIST,AUTOMOBILE,MOTORCYCLE,TRUCK,TRSN_CITY_VEH,PASSENGER,SPEEDING,AG_DRIV,REDLIGHT,ALCOHOL,DISABILITY,HOOD_158,HOOD_140,DIVISION
5/24/2014 8:00:00 AM,319,Collector,Scarborough,43.769133,-79.237544,Non Intersection,No Control,Clear,"Dark, artificial",Dry,Non-Fatal Injury,SMV Other,Passenger,40 to 44,,,,,,,,,,Yes,,,,Yes,Yes,Yes,,,,142,137,D43
5/24/2014 8:00:00 AM,1954,Major Arterial,Scarborough,43.74924,-79.244464,Non Intersection,No Control,Clear,Daylight,Dry,Non-Fatal Injury,Angle,Motorcycle Driver,20 to 24,South,Motorcycle,Going Ahead,Other,Unknown,,,,,Yes,Yes,,,,Yes,Yes,,,,157,127,D43
5/26/2014 8:00:00 AM,2322,Major Arterial,North York,43.760329,-79.361652,Non Intersection,No Control,Clear,"Dark, artificial",Dry,Non-Fatal Injury,Cyclist Collisions,Driver,unknown,North,,Going Ahead,Following too Close,Unknown,,,,Yes,,,,,,,Yes,,,,40,40,D33
5/27/2014 8:00:00 AM,755,Major Arterial,Etobicoke York,43.7741,-79.527782,Non Intersection,No Control,Clear,Daylight,Dry,Non-Fatal Injury,Cyclist Collisions,Cyclist,45 to 49,East,Bicycle,Going Ahead,,,,Driving Properly,,Yes,Yes,,,,,,,,,,24,24,D31
5/27/2014 8:00:00 AM,1729,Minor Arterial,Scarborough,43.855445,-79.170284,At Intersection,Traffic Signal,Clear,Daylight,Dry,Non-Fatal Injury,Turning Movement,Driver,40 to 44,North,"Automobile, Station Wagon",Going Ahead,Driving Properly,Normal,,,,,Yes,,,,,,Yes,,,,NSA,NSA,D42
5/27/2014 8:00:00 AM,2125,Minor Arterial,Scarborough,43.783312,-79.205303,At/Near Private Drive,No Control,Clear,"Dark, artificial",Dry,Non-Fatal Injury,Pedestrian Collisions,Pedestrian,40 to 44,East,,,,,Normal,,Yes,,Yes,,,,,,,,,,135,135,D43
5/28/2014 8:00:00 AM,837,Minor Arterial,Toronto and East York,43.642623,-79.382777,Non Intersection,No Control,Clear,Daylight,Dry,Non-Fatal Injury,Cyclist Collisions,Cyclist,50 to 54,East,Bicycle,Going Ahead,,,,Driving Properly,,Yes,Yes,,,,,,Yes,,,,165,77,D52
5/29/2014 8:00:00 AM,814,,Etobicoke York,43.618888,-79.520129,Non Intersection,No Control,Clear,Daylight,Dry,Non-Fatal Injury,Rear End,Truck Driver,65 to 69,East,Truck-Tractor,Stopped,Driving Properly,Normal,,,,,Yes,,Yes,,,Yes,Yes,,,,160,17,D22
5/29/2014 8:00:00 AM,1450,Major Arterial,Toronto and East York,43.643874,-79.378192,At/Near Private Drive,No Control,Clear,Daylight,Dry,Non-Fatal Injury,Pedestrian Collisions,Pedestrian,25 to 29,Unknown,,,,,Inattentive,,Yes,,Yes,,,,,,Yes,,,,166,77,D52
5/30/2014 8:00:00 AM,2205,Major Arterial,Etobicoke York,43.598124,-79.51691,At Intersection,Traffic Signal,Clear,"Dark, artificial",Dry,Non-Fatal Injury,Rear End,Motorcycle Driver,35 to 39,East,Motorcycle,Stopped,Driving Properly,Normal,,,,,Yes,Yes,,,,,Yes,,Yes,,18,18,D22
5/31/2014 8:00:00 AM,2217,Major Arterial,Toronto and East York,43.638892,-79.390979,Non Intersection,No Control,Clear,"Dark, artificial",Dry,Non-Fatal Injury,Sideswipe,Driver,15 to 19,West,"Automobile, Station Wagon",Going Ahead,Driving Properly,Normal,,,,,Yes,,,,Yes,,,,,,165,77,D52
5/31/2014 8:00:00 AM,2217,Major Arterial,Toronto and East York,43.638892,-79.390979,Non Intersection,No Control,Clear,"Dark, artificial",Dry,Non-Fatal Injury,Sideswipe,Passenger,15 to 19,,,,,,,,,,Yes,,,,Yes,,,,,,165,77,D52
5/31/2014 8:00:00 AM,2217,Major Arterial,Toronto and East York,43.638892,-79.390979,Non Intersection,No Control,Clear,"Dark, artificial",Dry,Non-Fatal Injury,Sideswipe,Passenger,45 to 49,,,,,,,,,,Yes,,,,Yes,,,,,,165,77,D52
6/1/2014 8:00:00 AM,40,Major Arterial,Scarborough,43.821383,-79.316913,At Intersection,Traffic Signal,Clear,"Dark, artificial",Dry,Non-Fatal Injury,Turning Movement,Driver,25 to 29,East,"Automobile, Station Wagon",Going Ahead,Driving Properly,Normal,,,,,Yes,,,,,,,,,,116,116,D42
6/1/2014 8:00:00 AM,1747,Major Arterial,Scarborough,43.755477,-79.245387,At Intersection,Traffic Signal,Clear,Daylight,Dry,Non-Fatal Injury,Rear End,Driver,65 to 69,West,"Automobile, Station Wagon",Stopped,Driving Properly,Normal,,,,,Yes,,,,Yes,,Yes,,,,157,127,D43
6/1/2014 8:00:00 AM,1747,Major Arterial,Scarborough,43.755477,-79.245387,At Intersection,Traffic Signal,Clear,Daylight,Dry,Non-Fatal Injury,Rear End,Driver,50 to 54,West,"Automobile, Station Wagon",Stopped,Driving Properly,Normal,,,,,Yes,,,,Yes,,Yes,,,,157,127,D43
6/1/2014 8:00:00 AM,1747,Major Arterial,Scarborough,43.755477,-79.245387,At Intersection,Traffic Signal,Clear,Daylight,Dry,Non-Fatal Injury,Rear End,Passenger,70 to 74,,,,,,,,,,Yes,,,,Yes,,Yes,,,,157,127,D43
6/1/2014 8:00:00 AM,1822,Major Arterial,Toronto and East York,43.665461,-79.469447,Non Intersection,No Control,Clear,Daylight,Dry,Non-Fatal Injury,Cyclist Collisions,Other,unknown,,,,,,,,,Yes,Yes,,,,,,,,,,90,90,D11
6/1/2014 8:00:00 AM,1822,Major Arterial,Toronto and East York,43.665461,-79.469447,Non Intersection,No Control,Clear,Daylight,Dry,Non-Fatal Injury,Cyclist Collisions,Cyclist,45 to 49,West,Bicycle,Going Ahead,,,,Lost control,,Yes,Yes,,,,,,,,,,90,90,D11
6/1/2014 8:00:00 AM,1913,Major Arterial,Scarborough,43.734919,-79.256099,At/Near Private Drive,No Control,Clear,Daylight,Dry,Non-Fatal Injury,Pedestrian Collisions,Pedestrian,85 to 89,Unknown,,,,,Normal,,Yes,,Yes,,,,,,,,,,124,124,D41
6/2/2014 8:00:00 AM,1204,Minor Arterial,Toronto and East York,43.662654,-79.332813,At Intersection,Traffic Signal,Clear,Daylight,Dry,Non-Fatal Injury,Pedestrian Collisions,Pedestrian,70 to 74,West,,,,,Normal,,Yes,,,,Yes,,,,Yes,,,,70,70,D55
6/3/2014 8:00:00 AM,2220,Collector,Scarborough,43.702975,-79.255931,Non Intersection,No Control,Clear,Dark,Dry,Non-Fatal Injury,Sideswipe,Driver,15 to 19,North,Pick Up Truck,Overtaking,Driving Properly,Normal,,,,,Yes,Yes,,,Yes,,Yes,,,,122,122,D41
6/3/2014 8:00:00 AM,2220,Collector,Scarborough,43.702975,-79.255931,Non Intersection,No Control,Clear,Dark,Dry,Non-Fatal Injury,Sideswipe,Passenger,15 to 19,,,,,,,,,,Yes,Yes,,,Yes,,Yes,,,,122,122,D41
6/7/2014 8:00:00 AM,110,Major Arterial,Toronto and East York,43.693701,-79.422572,At Intersection,No Control,Clear,"Dark, artificial",Dry,Non-Fatal Injury,Rear End,Driver,50 to 54,North,"Automobile, Station Wagon",Stopped,Driving Properly,Normal,,,,,Yes,,,,Yes,,Yes,,,,101,101,D13
6/7/2014 8:00:00 AM,110,Major Arterial,Toronto and East York,43.693701,-79.422572,At Intersection,No Control,Clear,"Dark, artificial",Dry,Non-Fatal Injury,Rear End,Driver,35 to 39,North,Delivery Van,Stopped,Driving Properly,Normal,,,,,Yes,,,,Yes,,Yes,,,,101,101,D13
6/7/2014 8:00:00 AM,110,Major Arterial,Toronto and East York,43.693701,-79.422572,At Intersection,No Control,Clear,"Dark, artificial",Dry,Non-Fatal Injury,Rear End,Passenger,45 to 49,,,,,,,,,,Yes,,,,Yes,,Yes,,,,101,101,D13
6/9/2014 8:00:00 AM,1252,Local,Etobicoke York,43.592047,-79.534717,Intersection Related,Stop Sign,Clear,Daylight,Dry,Non-Fatal Injury,Angle,Driver,35 to 39,North,Pick Up Truck,Going Ahead,Driving Properly,Normal,,,,,Yes,,,,Yes,,Yes,,,,19,19,D22
6/9/2014 8:00:00 AM,1252,Local,Etobicoke York,43.592047,-79.534717,Intersection Related,Stop Sign,Clear,Daylight,Dry,Non-Fatal Injury,Angle,Passenger,5 to 9,,,,,,,,,,Yes,,,,Yes,,Yes,,,,19,19,D22
6/9/2014 8:00:00 AM,1252,Local,Etobicoke York,43.592047,-79.534717,Intersection Related,Stop Sign,Clear,Daylight,Dry,Non-Fatal Injury,Angle,Passenger,0 to 4,,,,,,,,,,Yes,,,,Yes,,Yes,,,,19,19,D22
6/9/2014 8:00:00 AM,1750,Major Arterial,Toronto and East York,43.667227,-79.312595,At Intersection,Traffic Signal,Clear,Daylight,Dry,Non-Fatal Injury,Pedestrian Collisions,Pedestrian,30 to 34,North,"Automobile, Station Wagon",Going Ahead,,,Inattentive,,Yes,,Yes,,,,,,,,,,63,63,D55
6/11/2014 8:00:00 AM,1100,Minor Arterial,Toronto and East York,43.664591,-79.355953,Overpass or Bridge,No Control,Clear,Daylight,Dry,Non-Fatal Injury,Pedestrian Collisions,Pedestrian,40 to 44,Unknown,,,,,Unknown,,Yes,,Yes,,,,,,,,,,70,70,D55
6/11/2014 8:00:00 AM,1940,,Toronto and East York,43.702536,-79.33308,Non Intersection,No Control,Clear,Daylight,Dry,Non-Fatal Injury,Sideswipe,Driver,45 to 49,South,Delivery Van,Going Ahead,Driving Properly,Normal,,,,,Yes,,,,Yes,Yes,Yes,,,,58,58,D55
6/11/2014 8:00:00 AM,1940,,Toronto and East York,43.702536,-79.33308,Non Intersection,No Control,Clear,Daylight,Dry,Non-Fatal Injury,Sideswipe,Passenger,45 to 49,,,,,,,,,,Yes,,,,Yes,Yes,Yes,,,,58,58,D55
6/12/2014 8:00:00 AM,1119,Major Arterial,North York,43.764506,-79.387477,At Intersection,Traffic Signal,Clear,Daylight,Dry,Non-Fatal Injury,Turning Movement,Driver,50 to 54,West,"Automobile, Station Wagon",Turning Left,Driving Properly,Normal,,,,,Yes,,,,Yes,,Yes,Yes,,,52,52,D33
6/12/2014 8:00:00 AM,1119,Major Arterial,North York,43.764506,-79.387477,At Intersection,Traffic Signal,Clear,Daylight,Dry,Non-Fatal Injury,Turning Movement,Passenger,85 to 89,,,,,,,,,,Yes,,,,Yes,,Yes,Yes,,,52,52,D33
6/12/2014 8:00:00 AM,2138,Major Arterial,Scarborough,43.689433,-79.268268,At Intersection,Stop Sign,Clear,Dark,Dry,Non-Fatal Injury,Turning Movement,Motorcycle Driver,40 to 44,East,Motorcycle,Going Ahead,Driving Properly,Normal,,,,,Yes,Yes,,,,,Yes,,,,122,122,D41
6/12/2014 8:00:00 AM,2014,Collector,Etobicoke York,43.731764,-79.591045,At Intersection,No Control,Clear,"Dusk, artificial",Dry,Non-Fatal Injury,SMV Other,Passenger,15 to 19,,,,,,,,,,Yes,,,,Yes,,,,,,1,1,D23
6/13/2014 8:00:00 AM,2158,Major Arterial,Etobicoke York,43.681292,-79.476436,Non Intersection,No Control,Clear,"Dark, artificial",Dry,Non-Fatal Injury,Pedestrian Collisions,Pedestrian,55 to 59,North,,,,,"Ability Impaired, Alcohol",,Yes,,Yes,,,,,,,,,,111,111,D12
6/14/2014 8:00:00 AM,2308,Major Arterial,North York,43.811175,-79.360767,At Intersection,Traffic Signal,Clear,Dark,Dry,Non-Fatal Injury,Turning Movement,Driver,20 to 24,West,"Automobile, Station Wagon",Turning Left,Improper Turn,Inattentive,,,,,Yes,,,,Yes,Yes,Yes,Yes,,,48,48,D33
6/14/2014 8:00:00 AM,2308,Major Arterial,North York,43.811175,-79.360767,At Intersection,Traffic Signal,Clear,Dark,Dry,Non-Fatal Injury,Turning Movement,Passenger,35 to 39,,,,,,,,,,Yes,,,,Yes,Yes,Yes,Yes,,,48,48,D33
6/14/2014 8:00:00 AM,2308,Major Arterial,North York,43.811175,-79.360767,At Intersection,Traffic Signal,Clear,Dark,Dry,Non-Fatal Injury,Turning Movement,Passenger,55 to 59,,,,,,,,,,Yes,,,,Yes,Yes,Yes,Yes,,,48,48,D33
6/14/2014 8:00:00 AM,2308,Major Arterial,North York,43.811175,-79.360767,At Intersection,Traffic Signal,Clear,Dark,Dry,Non-Fatal Injury,Turning Movement,Passenger,20 to 24,,,,,,,,,,Yes,,,,Yes,Yes,Yes,Yes,,,48,48,D33
6/14/2014 8:00:00 AM,1930,Collector,Etobicoke York,43.75064,-79.562839,At/Near Private Drive,No Control,Clear,Daylight,Dry,Non-Fatal Injury,Cyclist Collisions,Cyclist,5 to 9,West,Bicycle,Going Ahead,,,,Driving Properly,,Yes,Yes,,,,,,Yes,,,,21,21,D31
6/17/2014 8:00:00 AM,311,Major Arterial,Toronto and East York,43.644942,-79.397632,Non Intersection,Pedestrian Crossover,Clear,"Dark, artificial",Dry,Non-Fatal Injury,Sideswipe,Motorcycle Driver,30 to 34,East,Motorcycle,Going Ahead,Driving Properly,Had Been Drinking,,,,,,Yes,,,,,,,,,164,77,D14
6/19/2014 8:00:00 AM,2134,Major Arterial,North York,43.721472,-79.430255,Non Intersection,No Control,Clear,"Dark, artificial",Dry,Non-Fatal Injury,Other,Passenger,85 to 89,,,,,,,,,,,,,Yes,Yes,,,,,,39,39,D32
6/21/2014 8:00:00 AM,1836,Minor Arterial,Etobicoke York,43.679274,-79.525287,At Intersection,Traffic Signal,Clear,Daylight,Dry,Non-Fatal Injury,Turning Movement,Driver,65 to 69,South,"Automobile, Station Wagon",Going Ahead,Driving Properly,Normal,,,,,Yes,,,,Yes,,Yes,,,,9,9,D22
6/21/2014 8:00:00 AM,1836,Minor Arterial,Etobicoke York,43.679274,-79.525287,At Intersection,Traffic Signal,Clear,Daylight,Dry,Non-Fatal Injury,Turning Movement,Passenger,65 to 69,,,,,,,,,,Yes,,,,Yes,,Yes,,,,9,9,D22
6/23/2014 8:00:00 AM,1720,Major Arterial,Toronto and East York,43.64765,-79.384799,Intersection Related,Traffic Signal,Clear,Daylight,Dry,Non-Fatal Injury,Cyclist Collisions,Cyclist,15 to 19,East,,Going Ahead,,,,Driving Properly,,Yes,,,Yes,,,,Yes,,,,170,76,D52
6/24/2014 8:00:00 AM,2024,Minor Arterial,North York,43.767054,-79.415736,Non Intersection,No Control,Rain,"Dark, artificial",Wet,Non-Fatal Injury,Pedestrian Collisions,Pedestrian,65 to 69,Unknown,,,,,Normal,,Yes,,Yes,,,,,,Yes,,,,38,38,D32
6/19/2014 8:00:00 AM,1930,Minor Arterial,Toronto and East York,43.649428,-79.424739,Non Intersection,No Control,Clear,Daylight,Dry,Non-Fatal Injury,Cyclist Collisions,Passenger,25 to 29,,,,,,,,,Yes,Yes,,,,Yes,,Yes,,,,81,81,D14
6/19/2014 8:00:00 AM,1930,Minor Arterial,Toronto and East York,43.649428,-79.424739,Non Intersection,No Control,Clear,Daylight,Dry,Non-Fatal Injury,Cyclist Collisions,Cyclist,25 to 29,East,Bicycle,Going Ahead,,,,Driving Properly,,Yes,Yes,,,,Yes,,Yes,,,,81,81,D14
6/28/2014 8:00:00 AM,227,,Etobicoke York,43.616686,-79.531215,Non Intersection,No Control,Clear,"Dark, artificial",Dry,Non-Fatal Injury,Approaching,Driver,30 to 34,East,Passenger Van,Going Ahead,Driving Properly,Normal,,,,,Yes,,,,Yes,,,,Yes,,20,20,D22
6/28/2014 8:00:00 AM,227,,Etobicoke York,43.616686,-79.531215,Non Intersection,No Control,Clear,"Dark, artificial",Dry,Non-Fatal Injury,Approaching,Passenger,25 to 29,,,,,,,,,,Yes,,,,Yes,,,,Yes,,20,20,D22
6/29/2014 8:00:00 AM,1748,Minor Arterial,Scarborough,43.801406,-79.218105,Non Intersection,No Control,Clear,Daylight,Dry,Non-Fatal Injury,SMV Other,Passenger,15 to 19,,,,,,,,,,Yes,,,,Yes,,,,,,146,132,D42
6/29/2014 8:00:00 AM,1748,Minor Arterial,Scarborough,43.801406,-79.218105,Non Intersection,No Control,Clear,Daylight,Dry,Non-Fatal Injury,SMV Other,Passenger,20 to 24,,,,,,,,,,Yes,,,,Yes,,,,,,146,132,D42
6/29/2014 8:00:00 AM,2125,Minor Arterial,North York,43.767928,-79.401332,At Intersection,No Control,Clear,"Dusk, artificial",Dry,Non-Fatal Injury,Pedestrian Collisions,Other,unknown,,,,,,,,Yes,,Yes,,,,,,,,,,152,51,D32
6/29/2014 8:00:00 AM,2125,Minor Arterial,North York,43.767928,-79.401332,At Intersection,No Control,Clear,"Dusk, artificial",Dry,Non-Fatal Injury,Pedestrian Collisions,Pedestrian,50 to 54,North,,,,,Normal,,Yes,,Yes,,,,,,,,,,152,51,D32
6/29/2014 8:00:00 AM,2125,Minor Arterial,North York,43.767928,-79.401332,At Intersection,No Control,Clear,"Dusk, artificial",Dry,Non-Fatal Injury,Pedestrian Collisions,Pedestrian,25 to 29,North,,,,,Normal,,Yes,,Yes,,,,,,,,,,152,51,D32
7/8/2014 8:00:00 AM,725,Major Arterial,Scarborough,43.74536,-79.294727,Intersection Related,Traffic Signal,Clear,Daylight,Dry,Non-Fatal Injury,Pedestrian Collisions,Pedestrian,60 to 64,East,,,,,Inattentive,,Yes,,Yes,,,,,,,,,,119,119,D41
7/8/2014 8:00:00 AM,2028,Major Arterial,North York,43.709986,-79.334384,Non Intersection,Traffic Signal,Clear,Daylight,Dry,Non-Fatal Injury,Angle,Driver,80 to 84,East,"Automobile, Station Wagon",Going Ahead,Driving Properly,Normal,,,,,Yes,,,,Yes,,Yes,Yes,,,44,44,D55
7/8/2014 8:00:00 AM,2028,Major Arterial,North York,43.709986,-79.334384,Non Intersection,Traffic Signal,Clear,Daylight,Dry,Non-Fatal Injury,Angle,Passenger,75 to 79,,,,,,,,,,Yes,,,,Yes,,Yes,Yes,,,44,44,D55
7/10/2014 8:00:00 AM,759,Major Arterial,North York,43.726092,-79.349811,Non Intersection,No Control,Clear,Daylight,Dry,Non-Fatal Injury,Rear End,Driver,25 to 29,South,"Automobile, Station Wagon",Slowing or Stopping,Driving Properly,Normal,,,,,Yes,,,,,,Yes,,,,42,42,D33
7/11/2014 8:00:00 AM,1918,Major Arterial,Toronto and East York,43.708121,-79.29568,At Intersection,No Control,Clear,Daylight,Dry,Non-Fatal Injury,Cyclist Collisions,Cyclist,60 to 64,South,Bicycle,Turning Left,,,,Improper Turn,,Yes,Yes,,,,,,,,,,120,120,D41
7/12/2014 8:00:00 AM,1409,Major Arterial,Scarborough,43.754336,-79.298351,At Intersection,Traffic Signal,Clear,Daylight,Dry,Non-Fatal Injury,Pedestrian Collisions,Pedestrian,25 to 29,Unknown,,,,,Normal,,Yes,,Yes,,,,,,Yes,Yes,,,119,119,D41
7/14/2014 8:00:00 AM,1453,Major Arterial,North York,43.736933,-79.484546,Intersection Related,Traffic Signal,Clear,Daylight,Dry,Non-Fatal Injury,Rear End,Driver,60 to 64,North,"Automobile, Station Wagon",Stopped,Driving Properly,Normal,,,,,Yes,,,,,,Yes,,,,155,26,D31
7/14/2014 8:00:00 AM,1716,Major Arterial,North York,43.771983,-79.413562,At Intersection,No Control,Clear,Daylight,Dry,Non-Fatal Injury,Turning Movement,Moped Driver,40 to 44,South,Moped,Going Ahead,Driving Properly,Normal,,,,Yes,Yes,,,,Yes,,Yes,,,,151,51,D32
7/14/2014 8:00:00 AM,1716,Major Arterial,North York,43.771983,-79.413562,At Intersection,No Control,Clear,Daylight,Dry,Non-Fatal Injury,Turning Movement,Passenger,5 to 9,,,,,,,,,Yes,Yes,,,,Yes,,Yes,,,,151,51,D32
7/18/2014 8:00:00 AM,2340,Major Arterial,Etobicoke York,43.756663,-79.517566,At/Near Private Drive,No Control,Clear,Daylight,Dry,Non-Fatal Injury,Cyclist Collisions,Cyclist,30 to 34,Unknown,Bicycle,Unknown,,,,Other,,Yes,Yes,,,,,,,,,,25,25,D31
7/18/2014 8:00:00 AM,2240,Minor Arterial,Toronto and East York,43.660868,-79.373523,At Intersection,No Control,Clear,Dark,Dry,Non-Fatal Injury,Cyclist Collisions,Cyclist,25 to 29,South,Bicycle,Going Ahead,,,,Failed to Yield Right of Way,,Yes,Yes,,,,Yes,,Yes,,,,73,73,D51
7/18/2014 8:00:00 AM,2240,Minor Arterial,Toronto and East York,43.660868,-79.373523,At Intersection,No Control,Clear,Dark,Dry,Non-Fatal Injury,Cyclist Collisions,Passenger,25 to 29,,,,,,,,,Yes,Yes,,,,Yes,,Yes,,,,73,73,D51
7/21/2014 8:00:00 AM,1745,Major Arterial,Toronto and East York,43.681208,-79.444362,At Intersection,Stop Sign,Clear,Daylight,Dry,Non-Fatal Injury,Turning Movement,Driver,35 to 39,North,"Automobile, Station Wagon",Going Ahead,Driving Properly,Normal,,,,,Yes,,,,,,,,,,92,92,D13
7/23/2014 8:00:00 AM,1135,Collector,Toronto and East York,43.670752,-79.388912,Non Intersection,No Control,Clear,Daylight,Dry,Non-Fatal Injury,Pedestrian Collisions,Pedestrian,70 to 74,South,,,,,Unknown,,Yes,,Yes,,,,,,,,,,95,95,D53
7/27/2014 8:00:00 AM,1120,Minor Arterial,Scarborough,43.747069,-79.201221,At/Near Private Drive,No Control,Clear,Daylight,Dry,Non-Fatal Injury,Turning Movement,Motorcycle Driver,25 to 29,East,Motorcycle,Going Ahead,Driving Properly,Normal,,,,,Yes,Yes,,,,,,,,,140,140,D43
7/28/2014 8:00:00 AM,1501,Major Arterial,North York,43.738406,-79.434238,Non Intersection,No Control,Clear,Daylight,Dry,Non-Fatal Injury,Pedestrian Collisions,Pedestrian,60 to 64,West,"Automobile, Station Wagon",,,,Normal,,Yes,,Yes,,,,,,,,,,38,38,D32
7/29/2014 8:00:00 AM,1630,Major Arterial,Toronto and East York,43.662455,-79.35136,At Intersection,Traffic Signal,Clear,Daylight,Dry,Non-Fatal Injury,Cyclist Collisions,Cyclist,40 to 44,East,Bicycle,Going Ahead,,,,Driving Properly,,Yes,Yes,,,,,,Yes,,,,70,70,D55
7/30/2014 8:00:00 AM,2312,Major Arterial,North York,43.710009,-79.382236,Intersection Related,Traffic Signal,Clear,"Dark, artificial",Dry,Non-Fatal Injury,Cyclist Collisions,Cyclist,55 to 59,South,Bicycle,Going Ahead,,,,Disobeyed Traffic Control,,Yes,Yes,,,,,,,,,,99,99,D53
8/1/2014 8:00:00 AM,1730,Local,Toronto and East York,43.693019,-79.307636,At Intersection,Stop Sign,Clear,Daylight,Dry,Non-Fatal Injury,Cyclist Collisions,Cyclist,25 to 29,West,Bicycle,Going Ahead,,,,Disobeyed Traffic Control,,Yes,Yes,,,,,,,,,,60,60,D55
8/2/2014 8:00:00 AM,1240,Major Arterial,Toronto and East York,43.680205,-79.43246,Intersection Related,Traffic Signal,Clear,Daylight,Dry,Non-Fatal Injury,Cyclist Collisions,Cyclist,35 to 39,West,Bicycle,Going Ahead,,,,Driving Properly,,Yes,Yes,,,,,,Yes,,,,94,94,D13
8/2/2014 8:00:00 AM,2319,Major Arterial,North York,43.746352,-79.482951,Non Intersection,No Control,Clear,"Dark, artificial",Dry,Non-Fatal Injury,Pedestrian Collisions,Motorcycle Driver,15 to 19,West,Motorcycle,Going Ahead,Lost control,Had Been Drinking,,,Yes,,Yes,Yes,,,,,Yes,,,,155,26,D31
8/2/2014 8:00:00 AM,2319,Major Arterial,North York,43.746352,-79.482951,Non Intersection,No Control,Clear,"Dark, artificial",Dry,Non-Fatal Injury,Pedestrian Collisions,Pedestrian,15 to 19,North,,,,,Had Been Drinking,,Yes,,Yes,Yes,,,,,Yes,,,,155,26,D31
8/3/2014 8:00:00 AM,1330,Major Arterial,Etobicoke York,43.639193,-79.584354,Intersection Related,Traffic Signal,Clear,Daylight,Dry,Non-Fatal Injury,Turning Movement,Driver,30 to 34,East,"Automobile, Station Wagon",Going Ahead,Driving Properly,Normal,,,,,Yes,,,,Yes,,Yes,,,,12,12,D22
8/3/2014 8:00:00 AM,1330,Major Arterial,Etobicoke York,43.639193,-79.584354,Intersection Related,Traffic Signal,Clear,Daylight,Dry,Non-Fatal Injury,Turning Movement,Passenger,35 to 39,,,,,,,,,,Yes,,,,Yes,,Yes,,,,12,12,D22
8/3/2014 8:00:00 AM,1330,Major Arterial,Etobicoke York,43.639193,-79.584354,Intersection Related,Traffic Signal,Clear,Daylight,Dry,Non-Fatal Injury,Turning Movement,Passenger,10 to 14,,,,,,,,,,Yes,,,,Yes,,Yes,,,,12,12,D22
8/5/2014 8:00:00 AM,1932,Minor Arterial,Scarborough,43.80778,-79.215602,Intersection Related,Traffic Signal,Clear,Daylight,Dry,Non-Fatal Injury,Pedestrian Collisions,Passenger,10 to 14,,,,,,,,Yes,,Yes,,,,Yes,,Yes,,,,146,132,D42
8/5/2014 8:00:00 AM,1932,Minor Arterial,Scarborough,43.80778,-79.215602,Intersection Related,Traffic Signal,Clear,Daylight,Dry,Non-Fatal Injury,Pedestrian Collisions,Pedestrian,25 to 29,South,,,,,Unknown,,Yes,,Yes,,,,Yes,,Yes,,,,146,132,D42
8/6/2014 8:00:00 AM,1515,Minor Arterial,North York,43.779563,-79.475604,Intersection Related,Stop Sign,Clear,Daylight,Dry,Non-Fatal Injury,Turning Movement,Truck Driver,35 to 39,South,"Truck - Closed (Blazer, etc)",Going Ahead,Driving Properly,Normal,,,,,Yes,,Yes,,Yes,,Yes,,,,27,27,D32
8/6/2014 8:00:00 AM,1515,Minor Arterial,North York,43.779563,-79.475604,Intersection Related,Stop Sign,Clear,Daylight,Dry,Non-Fatal Injury,Turning Movement,Driver,50 to 54,North,"Automobile, Station Wagon",Going Ahead,Driving Properly,Normal,,,,,Yes,,Yes,,Yes,,Yes,,,,27,27,D32
8/6/2014 8:00:00 AM,1515,Minor Arterial,North York,43.779563,-79.475604,Intersection Related,Stop Sign,Clear,Daylight,Dry,Non-Fatal Injury,Turning Movement,Passenger,75 to 79,,,,,,,,,,Yes,,Yes,,Yes,,Yes,,,,27,27,D32
8/7/2014 8:00:00 AM,2022,Major Arterial,Toronto and East York,43.64643,-79.366123,At Intersection,Traffic Signal,Clear,Dark,Dry,Non-Fatal Injury,Sideswipe,Driver,45 to 49,West,"Automobile, Station Wagon",Going Ahead,Driving Properly,Normal,,,,,Yes,,,,Yes,,,,,,166,77,D51
8/7/2014 8:00:00 AM,2022,Major Arterial,Toronto and East York,43.64643,-79.366123,At Intersection,Traffic Signal,Clear,Dark,Dry,Non-Fatal Injury,Sideswipe,Passenger,60 to 64,,,,,,,,,,Yes,,,,Yes,,,,,,166,77,D51
8/7/2014 8:00:00 AM,2022,Major Arterial,Toronto and East York,43.64643,-79.366123,At Intersection,Traffic Signal,Clear,Dark,Dry,Non-Fatal Injury,Sideswipe,Passenger,30 to 34,,,,,,,,,,Yes,,,,Yes,,,,,,166,77,D51