DATE,TIME,ROAD_CLASS,DISTRICT,LATITUDE,LONGITUDE,ACCLOC,TRAFFCTL,VISIBILITY,LIGHT,RDSFCOND,ACCLASS,IMPACTYPE,INVTYPE,INVAGE,INITDIR,VEHTYPE,MANOEUVER,DRIVACT,DRIVCOND,PEDCOND,CYCACT,PEDESTRIAN,CYCLIST,AUTOMOBILE,MOTORCYCLE,TRUCK,TRSN_CITY_VEH,PASSENGER,SPEEDING,AG_DRIV,REDLIGHT,ALCOHOL,DISABILITY,HOOD_158,HOOD_140,DIVISION
10/21/2014 8:00:00 AM,2015,Major Arterial,North York,43.737872,-79.429408,Intersection Related,Stop Sign,Rain,"Dark, artificial",Wet,Non-Fatal Injury,Turning Movement,Driver,55 to 59,East,Pick Up Truck,Going Ahead,Driving Properly,Normal,,,,,Yes,,,,Yes,,Yes,,,,39,39,D32
10/21/2014 8:00:00 AM,2015,Major Arterial,North York,43.737872,-79.429408,Intersection Related,Stop Sign,Rain,"Dark, artificial",Wet,Non-Fatal Injury,Turning Movement,Passenger,50 to 54,,,,,,,,,,Yes,,,,Yes,,Yes,,,,39,39,D32
10/22/2014 8:00:00 AM,1145,,North York,43.728484,-79.330394,Non Intersection,No Control,Clear,Daylight,Dry,Non-Fatal Injury,Rear End,Driver,55 to 59,South,"Automobile, Station Wagon",Stopped,Driving Properly,Normal,,,,,Yes,Yes,,,,Yes,Yes,,,,42,42,D33
10/22/2014 8:00:00 AM,1803,Major Arterial,Scarborough,43.773245,-79.246219,At Intersection,Traffic Signal,Clear,Dusk,Dry,Non-Fatal Injury,Pedestrian Collisions,Driver,25 to 29,West,"Automobile, Station Wagon",Going Ahead,Disobeyed Traffic Control,Inattentive,,,Yes,,Yes,,Yes,,,,Yes,Yes,,,142,137,D43
10/22/2014 8:00:00 AM,1803,Major Arterial,Scarborough,43.773245,-79.246219,At Intersection,Traffic Signal,Clear,Dusk,Dry,Non-Fatal Injury,Pedestrian Collisions,Pedestrian,25 to 29,South,,,,,Normal,,Yes,,Yes,,Yes,,,,Yes,Yes,,,142,137,D43
10/23/2014 8:00:00 AM,1229,Major Arterial,Etobicoke York,43.770903,-79.520862,At Intersection,Traffic Signal,Clear,Daylight,Dry,Non-Fatal Injury,Sideswipe,Passenger,40 to 44,,,,,,,,,,,,Yes,,Yes,,,,,,24,24,D31
10/24/2014 8:00:00 AM,2315,Major Arterial,North York,43.767462,-79.412438,Non Intersection,No Control,Clear,"Dark, artificial",Dry,Non-Fatal Injury,Sideswipe,Driver,20 to 24,South,"Automobile, Station Wagon",Going Ahead,Driving Properly,Normal,,,,,Yes,,,Yes,Yes,,,,,,151,51,D32
10/24/2014 8:00:00 AM,2315,Major Arterial,North York,43.767462,-79.412438,Non Intersection,No Control,Clear,"Dark, artificial",Dry,Non-Fatal Injury,Sideswipe,Driver,35 to 39,North,Intercity Bus,Going Ahead,Driving Properly,Normal,,,,,Yes,,,Yes,Yes,,,,,,151,51,D32
10/24/2014 8:00:00 AM,2315,Major Arterial,North York,43.767462,-79.412438,Non Intersection,No Control,Clear,"Dark, artificial",Dry,Non-Fatal Injury,Sideswipe,Passenger,20 to 24,,,,,,,,,,Yes,,,Yes,Yes,,,,,,151,51,D32
10/24/2014 8:00:00 AM,2315,Major Arterial,North York,43.767462,-79.412438,Non Intersection,No Control,Clear,"Dark, artificial",Dry,Non-Fatal Injury,Sideswipe,Passenger,25 to 29,,,,,,,,,,Yes,,,Yes,Yes,,,,,,151,51,D32
10/24/2014 8:00:00 AM,2315,Major Arterial,North York,43.767462,-79.412438,Non Intersection,No Control,Clear,"Dark, artificial",Dry,Non-Fatal Injury,Sideswipe,Passenger,unknown,,,,,,,,,,Yes,,,Yes,Yes,,,,,,151,51,D32
10/24/2014 8:00:00 AM,1727,Collector,Etobicoke York,43.671721,-79.492557,At/Near Private Drive,No Control,Clear,Dusk,Dry,Non-Fatal Injury,Pedestrian Collisions,Pedestrian,80 to 84,Unknown,,,,,Inattentive,,Yes,,Yes,,,,,,,,,,111,111,D12
10/25/2014 8:00:00 AM,1736,Major Arterial,Toronto and East York,43.647292,-79.395778,Intersection Related,No Control,Clear,Daylight,Dry,Non-Fatal Injury,Sideswipe,Motorcycle Driver,30 to 34,North,Motorcycle,Going Ahead,Driving Properly,Normal,,,,,Yes,Yes,,,,,,,,,164,77,D52
10/26/2014 8:00:00 AM,2335,Major Arterial,Toronto and East York,43.645556,-79.369815,At Intersection,Traffic Signal,Clear,"Dark, artificial",Dry,Non-Fatal Injury,Rear End,Driver,30 to 34,West,"Automobile, Station Wagon",Stopped,Driving Properly,Normal,,,,,Yes,,,,,Yes,Yes,,,,166,77,D51
10/26/2014 8:00:00 AM,2335,Major Arterial,Toronto and East York,43.645556,-79.369815,At Intersection,Traffic Signal,Clear,"Dark, artificial",Dry,Non-Fatal Injury,Rear End,Driver,25 to 29,West,"Automobile, Station Wagon",Stopped,Driving Properly,Normal,,,,,Yes,,,,,Yes,Yes,,,,166,77,D51
10/30/2014 8:00:00 AM,2111,Major Arterial,Etobicoke York,43.621318,-79.525058,Non Intersection,No Control,Clear,"Dark, artificial",Wet,Non-Fatal Injury,Turning Movement,Driver,unknown,North,,Turning Right,Failed to Yield Right of Way,Unknown,,,,,,Yes,,,,,Yes,,,,159,14,D22
10/31/2014 8:00:00 AM,1845,Major Arterial,Etobicoke York,43.717257,-79.595607,At Intersection,Traffic Signal,Rain,"Dark, artificial",Wet,Non-Fatal Injury,Cyclist Collisions,Passenger,30 to 34,,,,,,,,,Yes,Yes,,,,Yes,,,,,,1,1,D23
10/31/2014 8:00:00 AM,1845,Major Arterial,Etobicoke York,43.717257,-79.595607,At Intersection,Traffic Signal,Rain,"Dark, artificial",Wet,Non-Fatal Injury,Cyclist Collisions,Passenger,10 to 14,,,,,,,,,Yes,Yes,,,,Yes,,,,,,1,1,D23
10/31/2014 8:00:00 AM,1845,Major Arterial,Etobicoke York,43.717257,-79.595607,At Intersection,Traffic Signal,Rain,"Dark, artificial",Wet,Non-Fatal Injury,Cyclist Collisions,Passenger,5 to 9,,,,,,,,,Yes,Yes,,,,Yes,,,,,,1,1,D23
10/31/2014 8:00:00 AM,1845,Major Arterial,Etobicoke York,43.717257,-79.595607,At Intersection,Traffic Signal,Rain,"Dark, artificial",Wet,Non-Fatal Injury,Cyclist Collisions,Cyclist,75 to 79,East,Bicycle,Unknown,,,,Other,,Yes,Yes,,,,Yes,,,,,,1,1,D23
11/2/2014 9:00:00 AM,1205,Major Arterial,North York,43.703459,-79.413883,At Intersection,Traffic Signal,Clear,Daylight,Dry,Non-Fatal Injury,Pedestrian Collisions,Pedestrian,25 to 29,North,,,,,Normal,,Yes,,Yes,,,,,,Yes,,,,101,101,D53
11/2/2014 9:00:00 AM,1205,Major Arterial,North York,43.703459,-79.413883,At Intersection,Traffic Signal,Clear,Daylight,Dry,Non-Fatal Injury,Pedestrian Collisions,Pedestrian,30 to 34,North,,,,,Unknown,,Yes,,Yes,,,,,,Yes,,,,101,101,D53
11/2/2014 9:00:00 AM,1015,Collector,North York,43.717486,-79.448962,At Intersection,Stop Sign,Clear,"Dark, artificial",Dry,Non-Fatal Injury,Pedestrian Collisions,Pedestrian,60 to 64,East,,,,,Normal,,Yes,,Yes,,,,,,Yes,,,,31,31,D32
11/6/2014 10:00:00 AM,1130,Collector,Etobicoke York,43.684535,-79.474925,Non Intersection,Stop Sign,Clear,Daylight,Dry,Non-Fatal Injury,Pedestrian Collisions,Pedestrian,90 to 94,,,,,,Normal,,Yes,,Yes,,,,,,,,,,110,110,D12
11/6/2014 10:00:00 AM,2300,Major Arterial,Toronto and East York,43.651316,-79.397403,Non Intersection,No Control,Rain,"Dark, artificial",Wet,Non-Fatal Injury,Pedestrian Collisions,Pedestrian,40 to 44,Unknown,,,,,Had Been Drinking,,Yes,,,,,Yes,,,,,,,78,78,D52
11/7/2014 10:00:00 AM,1700,Major Arterial,Scarborough,43.773486,-79.230685,At Intersection,Traffic Signal,Clear,"Daylight, artificial",Dry,Non-Fatal Injury,Pedestrian Collisions,Pedestrian,65 to 69,North,,,,,Normal,,Yes,,Yes,,,,,,,,,,142,137,D43
11/9/2014 10:00:00 AM,1356,Minor Arterial,Scarborough,43.734862,-79.301227,Intersection Related,Traffic Signal,Clear,Daylight,Dry,Non-Fatal Injury,Rear End,Driver,80 to 84,South,"Automobile, Station Wagon",Going Ahead,Driving Properly,Normal,,,,,Yes,Yes,,,,,Yes,,,,119,119,D41
11/9/2014 10:00:00 AM,1555,Major Arterial,North York,43.728297,-79.418041,Non Intersection,No Control,Clear,Daylight,Dry,Non-Fatal Injury,SMV Unattended Vehicle,Other,unknown,Unknown,"Automobile, Station Wagon",Parked,,,,,,,Yes,,,,,,,,,Yes,39,39,D32
11/10/2014 10:00:00 AM,1750,Major Arterial,Etobicoke York,43.696978,-79.546687,At Intersection,Traffic Signal,Clear,Dark,Dry,Non-Fatal Injury,Pedestrian Collisions,Pedestrian,10 to 14,South,,,,,Normal,,Yes,,Yes,,,,,,,,,,6,6,D23
11/14/2014 10:00:00 AM,645,Major Arterial,North York,43.718352,-79.429553,At Intersection,No Control,Clear,"Dawn, artificial",Dry,Non-Fatal Injury,Pedestrian Collisions,Pedestrian,50 to 54,North,,,,,Normal,,Yes,,Yes,,,,,,Yes,,,,39,39,D53
11/18/2014 10:00:00 AM,1211,Major Arterial,North York,43.802954,-79.397296,Non Intersection,No Control,Clear,Daylight,Dry,Non-Fatal Injury,Other,Passenger,55 to 59,,Municipal Transit Bus (TTC),,,,,,,,,,,Yes,Yes,,,,,,50,50,D32
11/18/2014 10:00:00 AM,1804,Collector,North York,43.792102,-79.42686,At Intersection,Stop Sign,Clear,"Dark, artificial",Dry,Non-Fatal Injury,Cyclist Collisions,Cyclist,55 to 59,South,,Going Ahead,,,,Driving Properly,,Yes,Yes,,,,,,Yes,,,,36,36,D32
11/21/2014 10:00:00 AM,1005,Minor Arterial,Etobicoke York,43.682761,-79.463321,Intersection Related,Traffic Signal,Clear,Daylight,Dry,Non-Fatal Injury,Pedestrian Collisions,Pedestrian,70 to 74,Unknown,,,,,Normal,,Yes,,Yes,,,,,,Yes,,,,110,110,D12
11/22/2014 10:00:00 AM,520,Major Arterial,North York,43.723689,-79.494914,Non Intersection,No Control,Clear,"Dawn, artificial",Dry,Non-Fatal Injury,Approaching,Driver,45 to 49,East,"Automobile, Station Wagon",Going Ahead,Driving Properly,Normal,,,,,Yes,,,,Yes,,,,,,154,26,D31
11/22/2014 10:00:00 AM,520,Major Arterial,North York,43.723689,-79.494914,Non Intersection,No Control,Clear,"Dawn, artificial",Dry,Non-Fatal Injury,Approaching,Passenger,20 to 24,,,,,,,,,,Yes,,,,Yes,,,,,,154,26,D31
11/22/2014 10:00:00 AM,520,Major Arterial,North York,43.723689,-79.494914,Non Intersection,No Control,Clear,"Dawn, artificial",Dry,Non-Fatal Injury,Approaching,Passenger,0 to 4,,,,,,,,,,Yes,,,,Yes,,,,,,154,26,D31
11/22/2014 10:00:00 AM,545,Major Arterial,,43.748622,-79.462856,At/Near Private Drive,No Control,Clear,"Dark, artificial",Dry,Non-Fatal Injury,Turning Movement,Passenger,30 to 34,,,,,,,,,,,,Yes,,Yes,,Yes,,,,155,26,D32
11/25/2014 10:00:00 AM,1859,Major Arterial,Scarborough,43.744338,-79.299014,Non Intersection,No Control,Clear,"Dark, artificial",Dry,Non-Fatal Injury,Pedestrian Collisions,Pedestrian,25 to 29,East,,,,,Normal,,Yes,,Yes,,,,,,Yes,,,,119,119,D41
11/26/2014 10:00:00 AM,1625,Local,Scarborough,43.78147,-79.224178,At/Near Private Drive,No Control,Clear,Dusk,Dry,Non-Fatal Injury,Cyclist Collisions,Cyclist,15 to 19,East,Bicycle,Changing Lanes,,,,Improper Lane Change,,Yes,Yes,,,,,,,,,,142,137,D43
11/26/2014 10:00:00 AM,1808,Minor Arterial,Scarborough,43.686999,-79.28593,Non Intersection,No Control,Clear,"Dark, artificial",Dry,Non-Fatal Injury,Pedestrian Collisions,Pedestrian,55 to 59,North,,,,,Had Been Drinking,,Yes,,Yes,,,,,,,,,,122,122,D41
11/28/2014 10:00:00 AM,2245,Minor Arterial,Toronto and East York,43.675101,-79.391025,Non Intersection,No Control,Clear,"Dark, artificial",Dry,Non-Fatal Injury,Pedestrian Collisions,Pedestrian,65 to 69,East,,,,,Normal,,Yes,,Yes,,,,,,,,,,95,95,D53
11/29/2014 10:00:00 AM,1306,Major Arterial,Toronto and East York,43.698043,-79.349742,Non Intersection,No Control,Clear,Daylight,Dry,Non-Fatal Injury,Pedestrian Collisions,Pedestrian,50 to 54,Unknown,,,,,Unknown,,Yes,,Yes,,,,,,,,,,58,58,D55
11/30/2014 10:00:00 AM,1345,Major Arterial,Etobicoke York,43.68619,-79.512805,Non Intersection,No Control,Clear,Daylight,Wet,Non-Fatal Injury,Approaching,Driver,75 to 79,North,"Automobile, Station Wagon",Going Ahead,Driving Properly,Unknown,,,,,Yes,,,,Yes,,,,,,8,8,D23
11/30/2014 10:00:00 AM,1345,Major Arterial,Etobicoke York,43.68619,-79.512805,Non Intersection,No Control,Clear,Daylight,Wet,Non-Fatal Injury,Approaching,Passenger,65 to 69,,,,,,,,,,Yes,,,,Yes,,,,,,8,8,D23
11/30/2014 10:00:00 AM,1716,Major Arterial,Scarborough,43.750205,-79.296703,Non Intersection,No Control,Clear,"Dark, artificial",Dry,Non-Fatal Injury,Approaching,Driver,35 to 39,North,Pick Up Truck,Going Ahead,Lost control,"Ability Impaired, Drugs",,,,,Yes,,,,,,,,,,119,119,D41
11/30/2014 10:00:00 AM,1702,Collector,North York,43.747107,-79.449291,At/Near Private Drive,No Control,Rain,"Dark, artificial",Wet,Non-Fatal Injury,Cyclist Collisions,Cyclist,35 to 39,North,Bicycle,Going Ahead,,,,Driving Properly,,Yes,Yes,,,,,,,,,,33,33,D32
12/1/2014 10:00:00 AM,1811,Major Arterial,North York,43.711814,-79.373103,Non Intersection,Traffic Signal,Clear,"Dark, artificial",Dry,Non-Fatal Injury,Approaching,Driver,30 to 34,West,"Automobile, Station Wagon",Going Ahead,Driving Properly,Normal,,,,,Yes,,,,,,Yes,Yes,,,56,56,D53
12/2/2014 10:00:00 AM,1335,Collector,Scarborough,43.728434,-79.280307,At Intersection,Stop Sign,Clear,Daylight,Dry,Non-Fatal Injury,Pedestrian Collisions,Passenger,20 to 24,,,,,,,,Yes,,,,,,Yes,,,,,,120,120,D41
12/2/2014 10:00:00 AM,1335,Collector,Scarborough,43.728434,-79.280307,At Intersection,Stop Sign,Clear,Daylight,Dry,Non-Fatal Injury,Pedestrian Collisions,Pedestrian,45 to 49,East,,,,,Normal,,Yes,,,,,,Yes,,,,,,120,120,D41
12/2/2014 10:00:00 AM,1450,Major Arterial,Etobicoke York,43.689719,-79.582462,Non Intersection,No Control,Rain,Daylight,Wet,Non-Fatal Injury,Turning Movement,Truck Driver,40 to 44,South,Truck - Dump,Going Ahead,Driving Properly,Normal,,,,,,,Yes,,,,,,,,1,1,D23
12/3/2014 10:00:00 AM,2153,Major Arterial,Etobicoke York,43.734622,-79.559871,Non Intersection,No Control,Clear,"Dark, artificial",Dry,Non-Fatal Injury,Approaching,Driver,35 to 39,East,"Automobile, Station Wagon",Going Ahead,Driving Properly,Normal,,,,,Yes,,,,,,,,,,3,3,D23
12/6/2014 10:00:00 AM,1906,Major Arterial,Scarborough,43.799033,-79.273639,Non Intersection,No Control,Clear,"Dark, artificial",Dry,Non-Fatal Injury,SMV Other,Passenger,50 to 54,,"Automobile, Station Wagon",,,,,,,,Yes,,,,Yes,,,,,Yes,129,129,D42
12/7/2014 10:00:00 AM,215,Major Arterial,Scarborough,43.725642,-79.297504,Intersection Related,Traffic Signal,Clear,"Dark, artificial",Dry,Non-Fatal Injury,Turning Movement,Truck Driver,45 to 49,East,Truck-Tractor,Turning Left,Driving Properly,Normal,,,,,Yes,,Yes,,Yes,Yes,Yes,,Yes,,120,120,D41
12/7/2014 10:00:00 AM,215,Major Arterial,Scarborough,43.725642,-79.297504,Intersection Related,Traffic Signal,Clear,"Dark, artificial",Dry,Non-Fatal Injury,Turning Movement,Passenger,20 to 24,,,,,,,,,,Yes,,Yes,,Yes,Yes,Yes,,Yes,,120,120,D41
12/7/2014 10:00:00 AM,215,Major Arterial,Scarborough,43.725642,-79.297504,Intersection Related,Traffic Signal,Clear,"Dark, artificial",Dry,Non-Fatal Injury,Turning Movement,Passenger,25 to 29,,,,,,,,,,Yes,,Yes,,Yes,Yes,Yes,,Yes,,120,120,D41
12/11/2014 10:00:00 AM,1100,Major Arterial,North York,43.774005,-79.351894,Non Intersection,No Control,Snow,Daylight,Packed Snow,Non-Fatal Injury,Sideswipe,Driver,unknown,West,"Automobile, Station Wagon",Going Ahead,Driving Properly,Unknown,,,,,Yes,,,,,,,,,,53,53,D33
12/12/2014 10:00:00 AM,720,Major Arterial,North York,43.811907,-79.357539,At Intersection,Traffic Signal,Clear,Daylight,Wet,Non-Fatal Injury,Pedestrian Collisions,Pedestrian,30 to 34,North,,,,,Unknown,,Yes,,,,Yes,,,,Yes,,,,48,48,D33
12/14/2014 10:00:00 AM,324,Major Arterial,Toronto and East York,43.649317,-79.420772,Non Intersection,No Control,Clear,"Dark, artificial",Dry,Non-Fatal Injury,Pedestrian Collisions,Pedestrian,25 to 29,Unknown,,,,,"Ability Impaired, Alcohol Over .80",,Yes,,Yes,,,,,,,,,,81,81,D14
12/15/2014 10:00:00 AM,725,Collector,Etobicoke York,43.637614,-79.537021,At Intersection,Stop Sign,Clear,"Dark, artificial",Wet,Non-Fatal Injury,Pedestrian Collisions,Pedestrian,80 to 84,Unknown,,,,,Normal,,Yes,,Yes,,,,,,Yes,,,,159,14,D22
12/16/2014 10:00:00 AM,1800,Major Arterial,Toronto and East York,43.666213,-79.378307,At Intersection,Traffic Signal,Rain,"Dark, artificial",Wet,Non-Fatal Injury,Pedestrian Collisions,Pedestrian,40 to 44,Unknown,,,,,Normal,,Yes,,Yes,,,,,,Yes,,,,71,71,D51
12/16/2014 10:00:00 AM,1850,Major Arterial,Toronto and East York,43.67789,-79.443042,At Intersection,Traffic Signal,Rain,"Dark, artificial",Wet,Non-Fatal Injury,Pedestrian Collisions,Pedestrian,60 to 64,South,,,,,Inattentive,,Yes,,Yes,,,,,,,,,,92,92,D13
12/16/2014 10:00:00 AM,1910,Major Arterial,Etobicoke York,43.735346,-79.561374,Intersection Related,Traffic Signal,Rain,Dark,Wet,Non-Fatal Injury,Pedestrian Collisions,Passenger,5 to 9,,,,,,,,Yes,,Yes,,,,Yes,,,,,,3,3,D23
12/16/2014 10:00:00 AM,1910,Major Arterial,Etobicoke York,43.735346,-79.561374,Intersection Related,Traffic Signal,Rain,Dark,Wet,Non-Fatal Injury,Pedestrian Collisions,Pedestrian,45 to 49,Unknown,,,,,Normal,,Yes,,Yes,,,,Yes,,,,,,3,3,D23
12/18/2014 10:00:00 AM,2,Minor Arterial,Toronto and East York,43.650824,-79.44395,Non Intersection,No Control,Clear,"Dark, artificial",Wet,Non-Fatal Injury,Approaching,Driver,35 to 39,West,Street Car,Going Ahead,Driving Properly,Normal,,,,,Yes,,,Yes,,,,,,,86,84,D11
12/19/2014 10:00:00 AM,2228,Major Arterial,Etobicoke York,43.743121,-79.582706,Non Intersection,No Control,Clear,Dark,Dry,Non-Fatal Injury,Pedestrian Collisions,Pedestrian,25 to 29,North,,,,,Inattentive,,Yes,,Yes,,,,,,,,,,2,2,D23
12/20/2014 10:00:00 AM,1410,Major Arterial,Toronto and East York,43.661971,-79.425647,Non Intersection,No Control,Clear,Daylight,Dry,Non-Fatal Injury,Cyclist Collisions,Cyclist,25 to 29,South,Bicycle,Going Ahead,,,,Driving Properly,,Yes,Yes,,,,Yes,,Yes,,,,80,80,D14
12/20/2014 10:00:00 AM,1410,Major Arterial,Toronto and East York,43.661971,-79.425647,Non Intersection,No Control,Clear,Daylight,Dry,Non-Fatal Injury,Cyclist Collisions,Passenger,55 to 59,,,,,,,,,Yes,Yes,,,,Yes,,Yes,,,,80,80,D14
12/20/2014 10:00:00 AM,2308,Major Arterial,Scarborough,43.758887,-79.257114,At Intersection,Traffic Signal,Clear,"Dark, artificial",Dry,Non-Fatal Injury,Pedestrian Collisions,Passenger,20 to 24,,,,,,,,Yes,,Yes,,,,Yes,,,,,,156,127,D43
12/20/2014 10:00:00 AM,2308,Major Arterial,Scarborough,43.758887,-79.257114,At Intersection,Traffic Signal,Clear,"Dark, artificial",Dry,Non-Fatal Injury,Pedestrian Collisions,Pedestrian,20 to 24,West,,,,,Had Been Drinking,,Yes,,Yes,,,,Yes,,,,,,156,127,D43
12/21/2014 10:00:00 AM,1132,Major Arterial,Scarborough,43.752967,-79.223071,Non Intersection,No Control,Clear,Daylight,Dry,Non-Fatal Injury,SMV Other,Passenger,55 to 59,,,,,,,,,,Yes,,,,Yes,,,,,Yes,141,137,D43
12/21/2014 10:00:00 AM,1437,Major Arterial,Toronto and East York,43.662436,-79.423229,Intersection Related,No Control,Clear,Daylight,Dry,Non-Fatal Injury,Pedestrian Collisions,Pedestrian,50 to 54,Unknown,,,,,Normal,,Yes,,Yes,,,,Yes,,,,,,80,80,D14
12/21/2014 10:00:00 AM,1437,Major Arterial,Toronto and East York,43.662436,-79.423229,Intersection Related,No Control,Clear,Daylight,Dry,Non-Fatal Injury,Pedestrian Collisions,Passenger,15 to 19,,,,,,,,Yes,,Yes,,,,Yes,,,,,,80,80,D14
12/23/2014 10:00:00 AM,1447,Major Arterial,North York,43.77661,-79.42937,Non Intersection,No Control,Rain,Daylight,Wet,Non-Fatal Injury,SMV Other,Passenger,60 to 64,,,,,,,,,,Yes,,,,Yes,,,,,Yes,37,37,D32
12/23/2014 10:00:00 AM,1638,Major Arterial,North York,43.698161,-79.38647,At Intersection,Traffic Signal,Rain,Dusk,Wet,Non-Fatal Injury,Pedestrian Collisions,Pedestrian,70 to 74,East,,,,,Normal,,Yes,,Yes,,,,,,Yes,,,,99,99,D53
12/24/2014 10:00:00 AM,635,Major Arterial,Scarborough,43.797381,-79.312274,At Intersection,Traffic Signal,"Fog, Mist, Smoke, Dust","Dark, artificial",Wet,Non-Fatal Injury,Pedestrian Collisions,Pedestrian,55 to 59,West,,,,,Inattentive,,Yes,,Yes,,,,,,Yes,,,,148,117,D42
12/24/2014 10:00:00 AM,1800,Collector,Scarborough,43.82297,-79.272441,At Intersection,Pedestrian Crossover,Rain,"Dark, artificial",Wet,Non-Fatal Injury,Pedestrian Collisions,Pedestrian,65 to 69,North,,,,,Normal,,Yes,,,,,,,,Yes,,,,130,130,D42
12/25/2014 10:00:00 AM,2150,Major Arterial,Scarborough,43.830973,-79.275157,Intersection Related,Traffic Signal,Clear,"Dark, artificial",Dry,Non-Fatal Injury,Turning Movement,Driver,40 to 44,East,"Automobile, Station Wagon",Stopped,Driving Properly,Normal,,,,,Yes,,,,Yes,,,,,,130,130,D42
12/25/2014 10:00:00 AM,2150,Major Arterial,Scarborough,43.830973,-79.275157,Intersection Related,Traffic Signal,Clear,"Dark, artificial",Dry,Non-Fatal Injury,Turning Movement,Driver,50 to 54,East,"Automobile, Station Wagon",Stopped,Driving Properly,Normal,,,,,Yes,,,,Yes,,,,,,130,130,D42
12/25/2014 10:00:00 AM,2150,Major Arterial,Scarborough,43.830973,-79.275157,Intersection Related,Traffic Signal,Clear,"Dark, artificial",Dry,Non-Fatal Injury,Turning Movement,Passenger,30 to 34,,,,,,,,,,Yes,,,,Yes,,,,,,130,130,D42
12/25/2014 10:00:00 AM,2150,Major Arterial,Scarborough,43.830973,-79.275157,Intersection Related,Traffic Signal,Clear,"Dark, artificial",Dry,Non-Fatal Injury,Turning Movement,Passenger,40 to 44,,,,,,,,,,Yes,,,,Yes,,,,,,130,130,D42
12/25/2014 10:00:00 AM,2150,Major Arterial,Scarborough,43.830973,-79.275157,Intersection Related,Traffic Signal,Clear,"Dark, artificial",Dry,Non-Fatal Injury,Turning Movement,Passenger,5 to 9,,,,,,,,,,Yes,,,,Yes,,,,,,130,130,D42
12/29/2014 10:00:00 AM,22,Minor Arterial,Scarborough,43.784529,-79.168742,At Intersection,Traffic Signal,Clear,"Dark, artificial",Dry,Non-Fatal Injury,Pedestrian Collisions,Pedestrian,65 to 69,South,,,,,Had Been Drinking,,Yes,,Yes,,,,,,Yes,,,,133,133,D43
2/15/2014 10:00:00 AM,1245,Minor Arterial,Scarborough,43.795111,-79.292514,At/Near Private Drive,No Control,Clear,Daylight,Dry,Non-Fatal Injury,Turning Movement,Driver,20 to 24,West,"Automobile, Station Wagon",Turning Left,Driving Properly,Normal,,,,,Yes,,,,,,Yes,,,,118,118,D42
3/2/2014 10:00:00 AM,1320,Major Arterial,Scarborough,43.783583,-79.299335,At Intersection,Traffic Signal,Clear,Daylight,Wet,Non-Fatal Injury,Rear End,Driver,70 to 74,South,"Automobile, Station Wagon",Turning Left,Driving Properly,Normal,,,,,Yes,,,,,,,,,,118,118,D42
3/2/2014 10:00:00 AM,1320,Major Arterial,Scarborough,43.783583,-79.299335,At Intersection,Traffic Signal,Clear,Daylight,Wet,Non-Fatal Injury,Rear End,Driver,70 to 74,South,"Automobile, Station Wagon",Going Ahead,Lost control,Inattentive,,,,,Yes,,,,,,,,,,118,118,D42
3/5/2014 10:00:00 AM,1800,Major Arterial,Scarborough,43.79584,-79.319301,Intersection Related,Traffic Signal,Clear,"Dusk, artificial",Dry,Non-Fatal Injury,Rear End,Driver,50 to 54,East,"Automobile, Station Wagon",Stopped,Driving Properly,Normal,,,,,Yes,,,,,,,,,,147,117,D42
3/5/2014 10:00:00 AM,1800,Major Arterial,Scarborough,43.79584,-79.319301,Intersection Related,Traffic Signal,Clear,"Dusk, artificial",Dry,Non-Fatal Injury,Rear End,Driver,35 to 39,East,"Automobile, Station Wagon",Slowing or Stopping,Driving Properly,Normal,,,,,Yes,,,,,,,,,,147,117,D42
3/5/2014 10:00:00 AM,1800,Major Arterial,Scarborough,43.79584,-79.319301,Intersection Related,Traffic Signal,Clear,"Dusk, artificial",Dry,Non-Fatal Injury,Rear End,Driver,30 to 34,East,"Automobile, Station Wagon",Going Ahead,Lost control,Inattentive,,,,,Yes,,,,,,,,,,147,117,D42
3/7/2014 10:00:00 AM,650,,North York,43.740267,-79.33224,Non Intersection,No Control,Clear,Daylight,Dry,Non-Fatal Injury,Rear End,Driver,25 to 29,South,"Automobile, Station Wagon",Slowing or Stopping,Following too Close,Inattentive,,,,,Yes,,,,,,Yes,,,,42,42,D33
6/19/2014 8:00:00 AM,1600,Major Arterial,North York,43.783209,-79.487293,At Intersection,Traffic Signal,Clear,Daylight,Dry,Non-Fatal Injury,Cyclist Collisions,Cyclist,55 to 59,North,Bicycle,Going Ahead,,,,Driving Properly,,Yes,Yes,,,,,,Yes,,,,27,27,D31